model_bb,bb_num,model_rk,rk_cat,acc_train,acc_test,bacc_train,bacc_test,kappa_train,kappa_test,mutual_train,mutual_test,recall_train,recall_test,dataset,model,approx,filter_key
XGB,2,RK,C2,0.9907407407407408,0.8796296296296297,0.9904761904761904,0.8890977443609023,0.9809523809523808,0.7467532467532467,0.6267555968403127,0.3161988462539565,0.9904761904761904,0.8890977443609023,cylinder-bands,XGB_2,RK_C2,cylinder-bands_XGB_2
XGB,2,RK,Corr,0.8425925925925926,0.8148148148148148,0.834126984126984,0.8150375939849623,0.6736,0.6081277213352685,0.24426951266661903,0.19673711652714387,0.834126984126984,0.8150375939849623,cylinder-bands,XGB_2,RK_Corr,cylinder-bands_XGB_2
XGB,2,RK,Prec,0.9976851851851852,0.8703703703703703,0.9972222222222222,0.8458646616541354,0.9952343129467832,0.7087827426810478,0.6640742599841563,0.2635103625307451,0.9972222222222222,0.8458646616541354,cylinder-bands,XGB_2,RK_Prec,cylinder-bands_XGB_2
RF,0,RK,C2,0.9907407407407408,0.8703703703703703,0.9904761904761904,0.8762541806020068,0.9809523809523808,0.7281553398058253,0.6267555968403127,0.2954031428500431,0.9904761904761904,0.8762541806020068,cylinder-bands,RF_0,RK_C2,cylinder-bands_RF_0
RF,0,RK,Corr,0.8425925925925926,0.7685185185185185,0.834126984126984,0.7630992196209587,0.6736,0.5119305856832972,0.24426951266661903,0.13581833163220686,0.834126984126984,0.7630992196209587,cylinder-bands,RF_0,RK_Corr,cylinder-bands_RF_0
RF,0,RK,Prec,0.9976851851851852,0.8425925925925926,0.9972222222222222,0.8154960981047937,0.9952343129467832,0.6490825688073394,0.6640742599841563,0.21932836706308528,0.9972222222222222,0.8154960981047937,cylinder-bands,RF_0,RK_Prec,cylinder-bands_RF_0
SVC,1,RK,C2,0.7893518518518519,0.8240740740740741,0.7988494370901893,0.8478618421052632,0.551355792933443,0.6225165562913908,0.166179857160398,0.22484351111580503,0.7988494370901893,0.8478618421052632,cylinder-bands,SVC_1,RK_C2,cylinder-bands_SVC_1
SVC,1,RK,Corr,0.8032407407407407,0.7592592592592593,0.8051094890510949,0.765625,0.5732415973223002,0.4792284866468842,0.17449101942016915,0.12453294524504406,0.8051094890510949,0.765625,cylinder-bands,SVC_1,RK_Corr,cylinder-bands_SVC_1
SVC,1,RK,Prec,0.7916666666666666,0.7592592592592593,0.8005443523444266,0.7203947368421053,0.5554844168019573,0.43295638126009695,0.16824723263821362,0.09070809999954112,0.8005443523444266,0.7203947368421053,cylinder-bands,SVC_1,RK_Prec,cylinder-bands_SVC_1
XGB,2,RK,C2,0.9846153846153848,0.9649122807017544,0.9794428862825088,0.9646401985111664,0.9659150498164656,0.9292803970223324,0.5691594668951456,0.5374300470691735,0.9794428862825088,0.9646401985111664,wdbc,XGB_2,RK_C2,wdbc_XGB_2
XGB,2,RK,Corr,0.9802197802197802,0.9824561403508772,0.9760645079041306,0.9823200992555832,0.9563046192259675,0.9646401985111662,0.5499273923327848,0.6010440844072392,0.9760645079041306,0.9823200992555832,wdbc,XGB_2,RK_Corr,wdbc_XGB_2
XGB,2,RK,Prec,0.9934065934065934,0.9473684210526316,0.9905660377358492,0.9469602977667494,0.9854348730753224,0.8939205955334988,0.6102038810809998,0.4833174576208728,0.9905660377358492,0.9469602977667494,wdbc,XGB_2,RK_Prec,wdbc_XGB_2
RF,2,RK,C2,0.9846153846153848,0.9649122807017544,0.9794428862825088,0.9646401985111664,0.9659150498164656,0.9292803970223324,0.5691594668951456,0.5374300470691735,0.9794428862825088,0.9646401985111664,wdbc,RF_2,RK_C2,wdbc_RF_2
RF,2,RK,Corr,0.9802197802197802,0.9824561403508772,0.9760645079041306,0.9823200992555832,0.9563046192259675,0.9646401985111662,0.5499273923327848,0.6010440844072392,0.9760645079041306,0.9823200992555832,wdbc,RF_2,RK_Corr,wdbc_RF_2
RF,2,RK,Prec,0.9934065934065934,0.9473684210526316,0.9905660377358492,0.9469602977667494,0.9854348730753224,0.8939205955334988,0.6102038810809998,0.4833174576208728,0.9905660377358492,0.9469602977667494,wdbc,RF_2,RK_Prec,wdbc_RF_2
SVC,1,RK,C2,0.9714285714285714,0.9298245614035088,0.966133031248664,0.9337121212121212,0.9364995866837004,0.8576779026217228,0.5147280893774949,0.43999811867484495,0.966133031248664,0.9337121212121212,wdbc,SVC_1,RK_C2,wdbc_SVC_1
SVC,1,RK,Corr,0.967032967032967,0.9473684210526316,0.9627773265506776,0.9517045454545454,0.9269514401001808,0.8932584269662921,0.500533369976369,0.4913349906818855,0.9627773265506776,0.9517045454545454,wdbc,SVC_1,RK_Corr,wdbc_SVC_1
SVC,1,RK,Prec,0.9714285714285714,0.9298245614035088,0.967639892275467,0.9337121212121212,0.9366912480868236,0.8576779026217228,0.515472619483904,0.43999811867484495,0.967639892275467,0.9337121212121212,wdbc,SVC_1,RK_Prec,wdbc_SVC_1
XGB,1,RK,C2,0.9791666666666666,0.8833333333333333,0.9788309508338748,0.8865874725176113,0.9749887970653522,0.8599533177725909,1.7030774836786775,1.419601700571142,0.9788309508338748,0.8865874725176113,kdd-synthetic-control,XGB_1,RK_C2,kdd-synthetic-control_XGB_1
XGB,1,RK,Corr,0.9833333333333332,0.9083333333333332,0.9836859784818284,0.9031724398378724,0.9799943734175236,0.8897611491565057,1.7174205142763024,1.4772800684771703,0.9836859784818284,0.9031724398378724,kdd-synthetic-control,XGB_1,RK_Corr,kdd-synthetic-control_XGB_1
XGB,1,RK,Prec,0.9791666666666666,0.8666666666666667,0.979172023825198,0.8674731906492573,0.9749904911763326,0.8398799099324493,1.6926151309688544,1.3866417347687294,0.979172023825198,0.8674731906492573,kdd-synthetic-control,XGB_1,RK_Prec,kdd-synthetic-control_XGB_1
RF,0,RK,C2,0.9791666666666666,0.8833333333333333,0.9788309508338748,0.8865874725176113,0.9749887970653522,0.8599533177725909,1.7030774836786775,1.419601700571142,0.9788309508338748,0.8865874725176113,kdd-synthetic-control,RF_0,RK_C2,kdd-synthetic-control_RF_0
RF,0,RK,Corr,0.9833333333333332,0.9083333333333332,0.9836859784818284,0.9031724398378724,0.9799943734175236,0.8897611491565057,1.7174205142763024,1.4772800684771703,0.9836859784818284,0.9031724398378724,kdd-synthetic-control,RF_0,RK_Corr,kdd-synthetic-control_RF_0
RF,0,RK,Prec,0.9791666666666666,0.8666666666666667,0.979172023825198,0.8674731906492573,0.9749904911763326,0.8398799099324493,1.6926151309688544,1.3866417347687294,0.979172023825198,0.8674731906492573,kdd-synthetic-control,RF_0,RK_Prec,kdd-synthetic-control_RF_0
SVC,0,RK,C2,0.975,0.9,0.9747823678379234,0.903335838530683,0.969993123424118,0.87995998666222075,1.6916562852429733,1.4614141089207475,0.9747823678379234,0.903335838530683,kdd-synthetic-control,SVC_0,RK_C2,kdd-synthetic-control_SVC_0
SVC,0,RK,Corr,0.9791666666666666,0.8916666666666667,0.9794124742083242,0.8864240738248007,0.9749968746093262,0.869717721730416,1.6980428887369126,1.4228605191064472,0.9794124742083242,0.8864240738248007,kdd-synthetic-control,SVC_0,RK_Corr,kdd-synthetic-control_SVC_0
SVC,0,RK,Prec,0.975,0.8666666666666667,0.974954749871082,0.8674731906492573,0.9699942176356902,0.8398799099324493,1.6772157189813073,1.3866417347687294,0.974954749871082,0.8674731906492573,kdd-synthetic-control,SVC_0,RK_Prec,kdd-synthetic-control_SVC_0
XGB,2,RK,C2,0.904,0.848,0.6887922102987852,0.6405309250136836,0.8230062390300742,0.7135102533172497,0.542528575908496,0.3611171684656917,0.6887922102987852,0.6405309250136836,balance-scale,XGB_2,RK_C2,balance-scale_XGB_2
XGB,2,RK,Corr,0.86,0.832,0.6425111028033942,0.5871647509578545,0.7416344940096111,0.6813160131115698,0.40974747483021257,0.31629319002157136,0.6425111028033942,0.5871647509578545,balance-scale,XGB_2,RK_Corr,balance-scale_XGB_2
XGB,2,RK,Prec,0.9,0.904,0.6639820027231337,0.6803776683087027,0.8146418138410665,0.8194076571153384,0.5257729127203017,0.5209741176621554,0.6639820027231337,0.6803776683087027,balance-scale,XGB_2,RK_Prec,balance-scale_XGB_2
RF,2,RK,C2,0.904,0.84,0.6887922102987852,0.5987179487179487,0.8230062390300742,0.6982498491249245,0.542528575908496,0.3548881998762678,0.6887922102987852,0.5987179487179487,balance-scale,RF_2,RK_C2,balance-scale_RF_2
RF,2,RK,Corr,0.86,0.824,0.6425111028033942,0.5858974358974359,0.7416344940096111,0.6657754010695187,0.40974747483021257,0.3013551923888746,0.6425111028033942,0.5858974358974359,balance-scale,RF_2,RK_Corr,balance-scale_RF_2
RF,2,RK,Prec,0.9,0.856,0.6639820027231337,0.6141025641025641,0.8146418138410665,0.7317916318989153,0.5257729127203017,0.4175680685062069,0.6639820027231337,0.6141025641025641,balance-scale,RF_2,RK_Prec,balance-scale_RF_2
SVC,1,RK,C2,0.836,0.784,0.6576634399551066,0.6368606701940035,0.7112350687401398,0.6304204993429698,0.4521486897603376,0.3888126166205693,0.6576634399551066,0.6368606701940035,balance-scale,SVC_1,RK_C2,balance-scale_SVC_1
SVC,1,RK,Corr,0.81,0.76,0.6302995230078564,0.6081481481481482,0.6649455448338131,0.5878667985492911,0.3796063513262281,0.3335412761802975,0.6302995230078564,0.6081481481481482,balance-scale,SVC_1,RK_Corr,balance-scale_SVC_1
SVC,1,RK,Prec,0.836,0.792,0.6465277777777777,0.6353086419753087,0.7098782904047551,0.6453513749454387,0.4510402998235557,0.44767079083749506,0.6465277777777777,0.6353086419753087,balance-scale,SVC_1,RK_Prec,balance-scale_SVC_1
XGB,0,RK,C2,0.967032967032967,0.9416058394160584,0.9812858256149584,0.943343653250774,0.9638060374829212,0.936089567904834,2.520339344846883,2.4743420930872686,0.9812858256149584,0.943343653250774,soybean,XGB_0,RK_C2,soybean_XGB_0
XGB,0,RK,Corr,0.957875457875458,0.948905109489051,0.975064059571102,0.9688338493292052,0.9537161938037636,0.9440881529850746,2.4915410230933244,2.5186937542612093,0.975064059571102,0.9688338493292052,soybean,XGB_0,RK_Corr,soybean_XGB_0
XGB,0,RK,Prec,0.9688644688644688,0.9051094890510948,0.9799109547071,0.8862745098039216,0.965785186113548,0.8958235844642022,2.527358089099364,2.349665521696365,0.9799109547071,0.8862745098039216,soybean,XGB_0,RK_Prec,soybean_XGB_0
RF,1,RK,C2,0.9597069597069596,0.927007299270073,0.9785310567194982,0.9389306599832916,0.9557661927330174,0.9200606838604272,2.4983261404401342,2.428505695020291,0.9785310567194982,0.9389306599832916,soybean,RF_1,RK_C2,soybean_RF_1
RF,1,RK,Corr,0.9487179487179488,0.9343065693430656,0.9722405583218394,0.9640768588137008,0.9436835552150176,0.9280504172258855,2.4747289452781005,2.4627384192517505,0.9722405583218394,0.9640768588137008,soybean,RF_1,RK_Corr,soybean_RF_1
RF,1,RK,Prec,0.9816849816849816,0.8832116788321168,0.9845672821804572,0.8804511278195488,0.9798710419500758,0.8717228464419475,2.561299428383495,2.2856777133298065,0.9845672821804572,0.8804511278195488,soybean,RF_1,RK_Prec,soybean_RF_1
SVC,0,RK,C2,0.9413919413919414,0.9416058394160584,0.9743277152210672,0.9706225791752108,0.9355996800625132,0.9359476360236104,2.4555162211180166,2.4693202693994705,0.9743277152210672,0.9706225791752108,soybean,SVC_0,RK_C2,soybean_SVC_0
SVC,0,RK,Corr,0.9688644688644688,0.9635036496350364,0.9833525200561212,0.977358168147642,0.9657089658382684,0.9599204259551812,2.513783698425095,2.5250122729951423,0.9833525200561212,0.977358168147642,soybean,SVC_0,RK_Corr,soybean_SVC_0
SVC,0,RK,Prec,0.9432234432234432,0.8759124087591241,0.9731483313547024,0.903673957621326,0.9375914871337288,0.8636975478433897,2.466676667191306,2.276122359073616,0.9731483313547024,0.903673957621326,soybean,SVC_0,RK_Prec,soybean_SVC_0
XGB,2,RK,C2,0.9166666666666666,0.8623188405797102,0.9160136628491058,0.8647008728975942,0.8302923366884549,0.7232425585813806,0.398385327436401,0.2932469109421668,0.9160136628491058,0.8647008728975942,credit-a,XGB_2,RK_C2,credit-a_XGB_2
XGB,2,RK,Corr,0.8532608695652174,0.8260869565217391,0.8348603576451679,0.8117947626144347,0.691019155817232,0.6388222464558342,0.2817240027647768,0.23313875133603537,0.8348603576451679,0.8117947626144347,credit-a,XGB_2,RK_Corr,credit-a_XGB_2
XGB,2,RK,Prec,0.9818840579710144,0.9057971014492754,0.981514968856741,0.907068341494571,0.963029937713482,0.8099978818047024,0.5927031046308511,0.3790660617119537,0.981514968856741,0.907068341494571,credit-a,XGB_2,RK_Prec,credit-a_XGB_2
RF,2,RK,C2,0.9166666666666666,0.9420289855072465,0.9160136628491058,0.941919191919192,0.8302923366884549,0.8838383838383839,0.398385327436401,0.4709121172436542,0.9160136628491058,0.941919191919192,credit-a,RF_2,RK_C2,credit-a_RF_2
RF,2,RK,Corr,0.8532608695652174,0.8333333333333334,0.8348603576451679,0.827020202020202,0.691019155817232,0.6619808306709265,0.2817240027647768,0.27604657370883623,0.8348603576451679,0.827020202020202,credit-a,RF_2,RK_Corr,credit-a_RF_2
RF,2,RK,Prec,0.9818840579710144,0.927536231884058,0.981514968856741,0.9267676767676768,0.963029937713482,0.854614412136536,0.5927031046308511,0.43287994725953505,0.981514968856741,0.9267676767676768,credit-a,RF_2,RK_Prec,credit-a_RF_2
SVC,0,RK,C2,0.6630434782608695,0.6304347826086957,0.7159322510366153,0.7086956521739131,0.26422152470224014,0.23880597014925375,0.05464365949661409,0.05154530841768082,0.7159322510366153,0.7086956521739131,credit-a,SVC_0,RK_C2,credit-a_SVC_0
SVC,0,RK,Corr,0.769927536231884,0.7536231884057971,0.7716283646074917,0.7652173913043478,0.3981662717626456,0.3742331288343558,0.08935920636515916,0.08356247972358533,0.7716283646074917,0.7652173913043478,credit-a,SVC_0,RK_Corr,credit-a_SVC_0
SVC,0,RK,Prec,0.6702898550724637,0.644927536231884,0.7202895495115609,0.7173913043478262,0.27241124581758125,0.25380710659898487,0.05687486648099302,0.05573992480568106,0.7202895495115609,0.7173913043478262,credit-a,SVC_0,RK_Prec,credit-a_SVC_0
XGB,0,RK,C2,0.9803220035778176,0.9714285714285714,0.982492918641501,0.9664349076959962,0.9572341653742098,0.9328698153919924,0.5608450372413687,0.4894296253226264,0.982492918641501,0.9664349076959962,breast-w,XGB_0,RK_C2,breast-w_XGB_0
XGB,0,RK,Corr,0.9767441860465116,0.9714285714285714,0.9785736321058978,0.9729081754974828,0.9494585590786117,0.9337278106508876,0.5465782946478631,0.4984351635801538,0.9785736321058978,0.9729081754974828,breast-w,XGB_0,RK_Corr,breast-w_XGB_0
XGB,0,RK,Prec,0.992844364937388,0.9714285714285714,0.9921614269287936,0.9729081754974828,0.9843228538575876,0.9337278106508876,0.606779661848481,0.4984351635801538,0.9921614269287936,0.9729081754974828,breast-w,XGB_0,RK_Prec,breast-w_XGB_0
RF,1,RK,C2,0.9749552772808586,0.9857142857142858,0.977195423623995,0.977777777777778,0.9455135345883926,0.9668639053254438,0.5402694536213686,0.55835326122807,0.977195423623995,0.977777777777778,breast-w,RF_1,RK_C2,breast-w_RF_1
RF,1,RK,Corr,0.9713774597495528,0.9857142857142858,0.9732669927475122,0.983625730994152,0.9377297538153058,0.967251461988304,0.5269761941792022,0.5540554221975349,0.9732669927475122,0.983625730994152,breast-w,RF_1,RK_Corr,breast-w_RF_1
RF,1,RK,Prec,0.9874776386404294,1,0.986837296902232,1,0.9725332191516394,1,0.5817986984624053,0.6279415887399057,0.986837296902232,1,breast-w,RF_1,RK_Prec,breast-w_RF_1
SVC,0,RK,C2,0.9910554561717352,0.9714285714285714,0.9908604084795484,0.9614035087719298,0.9806827056652544,0.9337278106508876,0.6051390865856068,0.4984351635801538,0.9908604084795484,0.9614035087719298,breast-w,SVC_0,RK_C2,breast-w_SVC_0
SVC,0,RK,Corr,0.9874776386404294,0.9714285714285714,0.9869928599103336,0.967251461988304,0.9729557879313562,0.9345029239766082,0.5890264203712401,0.5002118017299059,0.9869928599103336,0.967251461988304,breast-w,SVC_0,RK_Corr,breast-w_SVC_0
SVC,0,RK,Prec,0.97853309481216455,0.9714285714285714,0.9736190291692036,0.967251461988304,0.9532927627456168,0.9345029239766082,0.5520458449737957,0.5002118017299059,0.9736190291692036,0.967251461988304,breast-w,SVC_0,RK_Prec,breast-w_SVC_0
XGB,0,RK,C2,0.9120521172638436,0.9285714285714286,0.8982695139911635,0.920390070921986,0.796539027982327,0.8484523170513508,0.3330965758879444,0.4112618218145977,0.8982695139911635,0.920390070921986,diabetes,XGB_0,RK_C2,diabetes_XGB_0
XGB,0,RK,Corr,0.8306188925081434,0.8961038961038961,0.8290378006872852,0.8907801418439716,0.6267826249590873,0.7815602836879433,0.2065077888087152,0.3379190892805157,0.8290378006872852,0.8907801418439716,diabetes,XGB_0,RK_Corr,diabetes_XGB_0
XGB,0,RK,Prec,0.9267100977198696,0.9025974025974026,0.9048232695139912,0.8870567375886524,0.8268471517202481,0.790798768339069,0.3620470233325532,0.35072574200109796,0.9048232695139912,0.8870567375886524,diabetes,XGB_0,RK_Prec,diabetes_XGB_0
RF,2,RK,C2,0.8745928338762216,0.9415584415584416,0.8511643426644655,0.9387755102040816,0.7173281356499694,0.8742058449809402,0.2691374677815912,0.43722142360749455,0.8511643426644655,0.9387755102040816,diabetes,RF_2,RK_C2,diabetes_RF_2
RF,2,RK,Corr,0.7899022801302932,0.922077922077922,0.7775221570486928,0.923469387755102,0.5448506510671065,0.8341708542713568,0.1516293646009218,0.39507833368821155,0.7775221570486928,0.923469387755102,diabetes,RF_2,RK_Corr,diabetes_RF_2
RF,2,RK,Prec,0.9348534201954396,0.9285714285714286,0.909404891527051,0.917091836734694,0.8506391622170597,0.8438709677419355,0.4145576878354927,0.3982272869496929,0.909404891527051,0.917091836734694,diabetes,RF_2,RK_Prec,diabetes_RF_2
SVC,1,RK,C2,0.87622149837133545,0.922077922077922,0.8709891598915989,0.9191919191919192,0.7012165450121655,0.8316633266533067,0.2498462609791242,0.38599924158875176,0.8709891598915989,0.9191919191919192,diabetes,SVC_1,RK_C2,diabetes_SVC_1
SVC,1,RK,Corr,0.8631921824104235,0.8896103896103896,0.8892276422764227,0.8898989898989899,0.6901895768759461,0.7643564356435644,0.2743439426739853,0.3212491315034777,0.8892276422764227,0.8898989898989899,diabetes,SVC_1,RK_Corr,diabetes_SVC_1
SVC,1,RK,Prec,0.8355048859934854,0.8831168831168831,0.8044579945799457,0.8686868686868687,0.5917176904338666,0.7433808553971486,0.16821236727642025,0.29394335842490804,0.8044579945799457,0.8686868686868687,diabetes,SVC_1,RK_Prec,diabetes_SVC_1
XGB,0,RK,C2,0.9319526627218936,0.8470588235294118,0.9330954303863748,0.8239510387488329,0.9092066384032328,0.7940066178869367,1.1214839434956143,0.9245556272322634,0.9330954303863748,0.8239510387488329,vehicle,XGB_0,RK_C2,vehicle_XGB_0
XGB,0,RK,Corr,0.834319526627219,0.7588235294117647,0.8359106463776358,0.7368055555555555,0.7788978769383523,0.6760249140094823,0.8617773067005803,0.7419064585730477,0.8359106463776358,0.7368055555555555,vehicle,XGB_0,RK_Corr,vehicle_XGB_0
XGB,0,RK,Prec,0.9423076923076924,0.7705882352941177,0.9431670424944448,0.75874912464986,0.9229924406173692,0.6946107784431137,1.1681661208385197,0.8255354210192912,0.9431670424944448,0.75874912464986,vehicle,XGB_0,RK_Prec,vehicle_XGB_0
RF,0,RK,C2,0.9733727810650888,0.8588235294117647,0.9739137253651042,0.8411474526385607,0.964479215319944,0.8100027940765577,1.2531853555790071,0.91838030652238,0.9739137253651042,0.8411474526385607,vehicle,RF_0,RK_C2,vehicle_RF_0
RF,0,RK,Corr,0.8121301775147929,0.7705882352941177,0.8161510297397825,0.7538759689922481,0.7493964930921446,0.6920861972877578,0.8248422538321406,0.7488214731647507,0.8161510297397825,0.7538759689922481,vehicle,RF_0,RK_Corr,vehicle_RF_0
RF,0,RK,Prec,0.9896449704142012,0.8294117647058824,0.989351751413059,0.8271462919205737,0.9861777266274472,0.7729366249078851,1.329064457077514,0.9058772745644992,0.989351751413059,0.8271462919205737,vehicle,RF_0,RK_Prec,vehicle_RF_0
SVC,1,RK,C2,0.8357988165680473,0.7705882352941177,0.8397665686107925,0.7560071872571873,0.7809960773325861,0.6919431279620853,0.9363196895909272,0.786370389429488,0.8397665686107925,0.7560071872571873,vehicle,SVC_1,RK_C2,vehicle_SVC_1
SVC,1,RK,Corr,0.7958579881656804,0.7470588235294118,0.799428744884811,0.7243929681429682,0.7277780857974093,0.6587779489333894,0.7911440022536682,0.6773574336862576,0.799428744884811,0.7243929681429682,vehicle,SVC_1,RK_Corr,vehicle_SVC_1
SVC,1,RK,Prec,0.8461538461538461,0.7764705882352941,0.849524167941039,0.76619560994561,0.7947076721816981,0.7008012597841693,0.9905261219758406,0.7801056278492232,0.849524167941039,0.76619560994561,vehicle,SVC_1,RK_Prec,vehicle_SVC_1
XGB,2,RK,C2,0.9843342036553524,0.9375,0.9818024328701088,0.9235209235209236,0.9653207977121988,0.8594436310395315,0.564435912061886,0.4097163520559908,0.9818024328701088,0.9235209235209236,tic-tac-toe,XGB_2,RK_C2,tic-tac-toe_XGB_2
XGB,2,RK,Corr,0.7885117493472585,0.7447916666666666,0.7823296802621174,0.7478354978354979,0.5471524599855488,0.4670292318150918,0.1552063519970956,0.11619146244010362,0.7823296802621174,0.7478354978354979,tic-tac-toe,XGB_2,RK_Corr,tic-tac-toe_XGB_2
XGB,2,RK,Prec,0.97911227154047,0.9322916666666666,0.974255263058788,0.9123376623376624,0.9535957957548634,0.846039970392302,0.5434628403808643,0.39687131835256967,0.974255263058788,0.9123376623376624,tic-tac-toe,XGB_2,RK_Prec,tic-tac-toe_XGB_2
RF,1,RK,C2,0.9843342036553524,0.9375,0.9818024328701088,0.9235209235209236,0.9653207977121988,0.8594436310395315,0.564435912061886,0.4097163520559908,0.9818024328701088,0.9235209235209236,tic-tac-toe,RF_1,RK_C2,tic-tac-toe_RF_1
RF,1,RK,Corr,0.7885117493472585,0.7447916666666666,0.7823296802621174,0.7478354978354979,0.5471524599855488,0.4670292318150918,0.1552063519970956,0.11619146244010362,0.7823296802621174,0.7478354978354979,tic-tac-toe,RF_1,RK_Corr,tic-tac-toe_RF_1
RF,1,RK,Prec,0.97911227154047,0.9322916666666666,0.974255263058788,0.9123376623376624,0.9535957957548634,0.846039970392302,0.5434628403808643,0.39687131835256967,0.974255263058788,0.9123376623376624,tic-tac-toe,RF_1,RK_Prec,tic-tac-toe_RF_1
SVC,1,RK,C2,0.9817232375979112,0.9114583333333334,0.9833544376654773,0.9000750844700287,0.9591712416907155,0.7966608522302516,0.5526083231326909,0.33484238723215737,0.9833544376654773,0.9000750844700287,tic-tac-toe,SVC_1,RK_C2,tic-tac-toe_SVC_1
SVC,1,RK,Corr,0.7963446475195822,0.7291666666666666,0.793331031042554,0.7358278062820673,0.5612990388639651,0.4302020317315375,0.16484242858871384,0.10060518917481864,0.793331031042554,0.7358278062820673,tic-tac-toe,SVC_1,RK_Corr,tic-tac-toe_SVC_1
SVC,1,RK,Prec,0.9843342036553524,0.9166666666666666,0.9843290740953916,0.8995119509448128,0.9648669515429952,0.8060850902663805,0.559126871633232,0.34171767120912777,0.9843290740953916,0.8995119509448128,tic-tac-toe,SVC_1,RK_Prec,tic-tac-toe_SVC_1
XGB,0,RK,C2,0.9440104166666666,0.9481865284974094,0.9411057692307692,0.9475657465768312,0.8866681309027016,0.8951314931536622,0.4788476245851459,0.48372066598961655,0.9411057692307692,0.9475657465768312,mammographic-masses,XGB_0,RK_C2,mammographic-masses_XGB_0
XGB,0,RK,Corr,0.9231770833333334,0.917098445595855,0.9253715034965035,0.919528363399261,0.8461204086068246,0.8333513221802482,0.4270811569886823,0.4095998853692789,0.9253715034965035,0.919528363399261,mammographic-masses,XGB_0,RK_Corr,mammographic-masses_XGB_0
XGB,0,RK,Prec,0.91796875,0.9378238341968912,0.9172858391608392,0.9370788958921974,0.8347540983606557,0.8741577917843947,0.4061886831185062,0.45469698204044656,0.9172858391608392,0.9370788958921974,mammographic-masses,XGB_0,RK_Prec,mammographic-masses_XGB_0
RF,2,RK,C2,0.8567708333333334,0.8911917098445595,0.8531400966183575,0.8902505446623094,0.7093131283935834,0.7795245607354622,0.27719889852265367,0.3435150089279717,0.8531400966183575,0.8902505446623094,mammographic-masses,RF_2,RK_C2,mammographic-masses_RF_2
RF,2,RK,Corr,0.8463541666666666,0.8911917098445595,0.8490286771507862,0.8940087145969499,0.6921383583701922,0.7811673235786405,0.26667552541876755,0.35094884720850106,0.8490286771507862,0.8940087145969499,mammographic-masses,RF_2,RK_Corr,mammographic-masses_RF_2
RF,2,RK,Prec,0.8619791666666666,0.8808290155440415,0.861342378456162,0.8797385620915033,0.7215278205365023,0.7585268998531252,0.28825874196256307,0.3223372820651998,0.861342378456162,0.8797385620915033,mammographic-masses,RF_2,RK_Prec,mammographic-masses_RF_2
SVC,1,RK,C2,0.90625,0.917098445595855,0.917046044122268,0.9247076023391811,0.8050087805290886,0.8302737166098714,0.3816063424269535,0.4102743040821669,0.917046044122268,0.9247076023391811,mammographic-masses,SVC_1,RK_C2,mammographic-masses_SVC_1
SVC,1,RK,Corr,0.8359375,0.8756476683937824,0.8593465695265515,0.8882141250562303,0.6702627185061505,0.7488069414316703,0.2763818682603708,0.33359662868191137,0.8593465695265515,0.8882141250562303,mammographic-masses,SVC_1,RK_Corr,mammographic-masses_SVC_1
SVC,1,RK,Prec,0.8385416666666666,0.8963730569948186,0.8523679729917353,0.9030026990553306,0.6694641704325371,0.7878421457623392,0.25709635219359706,0.35952336924327094,0.8523679729917353,0.9030026990553306,mammographic-masses,SVC_1,RK_Prec,mammographic-masses_SVC_1
XGB,0,RK,C2,0.962085308056872,0.9289099526066352,0.9596676785428984,0.9279643449419568,0.914182400528734,0.8391850007621564,0.47554098234422304,0.3854436673427382,0.9596676785428984,0.9279643449419568,qsar-biodeg,XGB_0,RK_C2,qsar-biodeg_XGB_0
XGB,0,RK,Corr,0.9075829383886256,0.8720379146919431,0.8873046812589871,0.8384121061359868,0.7864303186416044,0.6962733912672602,0.3249745703081128,0.24505581837278295,0.8873046812589871,0.8384121061359868,qsar-biodeg,XGB_0,RK_Corr,qsar-biodeg_XGB_0
XGB,0,RK,Prec,0.9490521327014216,0.914691943127962,0.9453043617191244,0.9055762852404644,0.8847902275497765,0.8047300771208226,0.43677533683594305,0.3437932709761137,0.9453043617191244,0.9055762852404644,qsar-biodeg,XGB_0,RK_Prec,qsar-biodeg_XGB_0
RF,2,RK,C2,0.9312796208530806,0.933649289099526,0.9214637667514044,0.93521421107628,0.845836981236655,0.8493932905067809,0.391952701086391,0.3978771497668449,0.9214637667514044,0.93521421107628,qsar-biodeg,RF_2,RK_C2,qsar-biodeg_RF_2
RF,2,RK,Corr,0.8720379146919431,0.8862559241706162,0.8457835106549917,0.8553291536050156,0.7073828433481217,0.7287045965927355,0.25875627295072345,0.269518850179838,0.8457835106549917,0.8553291536050156,qsar-biodeg,RF_2,RK_Corr,qsar-biodeg_RF_2
RF,2,RK,Prec,0.9964454976303316,0.9289099526066352,0.9947368421052633,0.9235109717868338,0.9920329255399486,0.8366620219848273,0.6173377799622894,0.37689566704718513,0.9947368421052633,0.9235109717868338,qsar-biodeg,RF_2,RK_Prec,qsar-biodeg_RF_2
SVC,1,RK,C2,0.8992890995260664,0.924170616113744,0.8903010986733002,0.9180851063829788,0.770608172923195,0.8301981691982698,0.31237882117954924,0.37537512410346785,0.8903010986733002,0.9180851063829788,qsar-biodeg,SVC_1,RK_C2,qsar-biodeg_SVC_1
SVC,1,RK,Corr,0.8898104265402843,0.8578199052132701,0.8683924129353233,0.8216818642350557,0.7434600149037142,0.6673673147661587,0.2838401877373157,0.2274636094600571,0.8683924129353233,0.8216818642350557,qsar-biodeg,SVC_1,RK_Corr,qsar-biodeg_SVC_1
SVC,1,RK,Prec,0.8909952606635071,0.909952606635071,0.8812318615257049,0.8966565349544073,0.7519613605581252,0.7961767247953633,0.2956921428834561,0.33735954180462896,0.8812318615257049,0.8966565349544073,qsar-biodeg,SVC_1,RK_Prec,qsar-biodeg_SVC_1
XGB,1,RK,C2,0.976452119309262,0.8495297805642633,0.9764475548749856,0.8500774839000644,0.9738307723277192,0.8323515886745352,2.181057386449751,1.7248891827296793,0.9764475548749856,0.8500774839000644,semeion,XGB_1,RK_C2,semeion_XGB_1
XGB,1,RK,Corr,0.9317111459968604,0.8495297805642633,0.9316156916105192,0.8495938886422756,0.9241120975742684,0.8322487346348518,1.9802406431430528,1.7499911641270312,0.9316156916105192,0.8495938886422756,semeion,XGB_1,RK_Corr,semeion_XGB_1
XGB,1,RK,Prec,0.9803767660910518,0.8244514106583072,0.98030495876988,0.8223211100146584,0.9781907423296122,0.8044423036924324,2.2052556736040727,1.6325227384703016,0.98030495876988,0.8223211100146584,semeion,XGB_1,RK_Prec,semeion_XGB_1
RF,0,RK,C2,0.976452119309262,0.8463949843260188,0.9764475548749856,0.8411525864289098,0.9738307723277192,0.8289244711007016,2.181057386449751,1.714021738660768,0.9764475548749856,0.8411525864289098,semeion,RF_0,RK_C2,semeion_RF_0
RF,0,RK,Corr,0.9317111459968604,0.8746081504702194,0.9316156916105192,0.8706571749861041,0.9241120975742684,0.8603159312088802,1.9802406431430528,1.815980620831234,0.9316156916105192,0.8706571749861041,semeion,RF_0,RK_Corr,semeion_RF_0
RF,0,RK,Prec,0.9803767660910518,0.8213166144200627,0.98030495876988,0.8139210856083261,0.9781907423296122,0.8009807033481825,2.2052556736040727,1.6265393444055831,0.98030495876988,0.8139210856083261,semeion,RF_0,RK_Prec,semeion_RF_0
SVC,0,RK,C2,0.976452119309262,0.8401253918495298,0.9764225237994468,0.8394619750223467,0.9738307185734112,0.8220197135949414,2.181069694615245,1.6698164844434054,0.9764225237994468,0.8394619750223467,semeion,SVC_0,RK_C2,semeion_SVC_0
SVC,0,RK,Corr,0.933281004709576,0.8557993730407524,0.9332711764642452,0.8526580680636409,0.925857865372015,0.839333420925853,1.9864106173042704,1.7392771753951553,0.9332711764642452,0.8526580680636409,semeion,SVC_0,RK_Corr,semeion_SVC_0
SVC,0,RK,Prec,0.979591836734694,0.8025078369905956,0.9795125228852464,0.7997541561906887,0.9773184496786484,0.7802621939885632,2.201380127264433,1.557277481732481,0.9795125228852464,0.7997541561906887,semeion,SVC_0,RK_Prec,semeion_SVC_0
XGB,1,RK,C2,0.9609261939218524,0.9450867052023122,0.9006846982207848,0.8267339043934787,0.915275653841307,0.8864535295438452,0.6768003336612458,0.6739176354222871,0.9006846982207848,0.8267339043934787,car,XGB_1,RK_C2,car_XGB_1
XGB,1,RK,Corr,0.8437047756874095,0.8526011560693642,0.755403033213779,0.7616261398176292,0.6854868278538948,0.7133155705744736,0.45311456942018696,0.5146102550978473,0.755403033213779,0.7616261398176292,car,XGB_1,RK_Corr,car_XGB_1
XGB,1,RK,Prec,0.97178002894356,0.9335260115606936,0.8896491102455417,0.8037717601547388,0.9376450471670827,0.8605523235438425,0.7026859192285668,0.6224480801359156,0.8896491102455417,0.8037717601547388,car,XGB_1,RK_Prec,car_XGB_1
RF,2,RK,C2,0.9609261939218524,0.9450867052023122,0.9006846982207848,0.8325656364240611,0.915275653841307,0.8863711001642036,0.6768003336612458,0.6839556867999579,0.9006846982207848,0.8325656364240611,car,RF_2,RK_C2,car_RF_2
RF,2,RK,Corr,0.8437047756874095,0.861271676300578,0.755403033213779,0.7763002658690595,0.6854868278538948,0.7297974457008054,0.45311456942018696,0.5337685519706804,0.755403033213779,0.7763002658690595,car,RF_2,RK_Corr,car_RF_2
RF,2,RK,Prec,0.97178002894356,0.9393063583815028,0.8896491102455417,0.8211739780658025,0.9376450471670827,0.8725017108564811,0.7026859192285668,0.6440122670089428,0.8896491102455417,0.8211739780658025,car,RF_2,RK_Prec,car_RF_2
SVC,0,RK,C2,0.9602026049204052,0.9393063583815028,0.8904531898867756,0.8226263092022923,0.9138545580243556,0.8748923861014498,0.6770185621748336,0.6720297090384441,0.8904531898867756,0.8226263092022923,car,SVC_0,RK_C2,car_SVC_0
SVC,0,RK,Corr,0.8458755426917511,0.8670520231213873,0.7601798742825043,0.780575719649562,0.6903643162561732,0.7418413027963409,0.4597571272483494,0.547246291698825,0.7601798742825043,0.780575719649562,car,SVC_0,RK_Corr,car_SVC_0
SVC,0,RK,Prec,0.9710564399421128,0.9335260115606936,0.8831403702197851,0.8090461761412291,0.9361572877472346,0.8609081693291851,0.7061661032858011,0.6337136383294869,0.8831403702197851,0.8090461761412291,car,SVC_0,RK_Prec,car_SVC_0
XGB,1,RK,C2,0.984375,0.8575,0.9844770178814156,0.8531940729188199,0.982635203391692,0.8413791664057771,2.215927367479579,1.7594647630740576,0.9844770178814156,0.8531940729188199,cmc,XGB_1,RK_C2,cmc_XGB_1
XGB,1,RK,Corr,0.910625,0.8125,0.9124147651636438,0.7993275133245795,0.9006566732837659,0.791327573974375,1.9905173953859576,1.698683867116274,0.9124147651636438,0.7993275133245795,cmc,XGB_1,RK_Corr,cmc_XGB_1
XGB,1,RK,Prec,0.989375,0.8325,0.989308255444804,0.829950171269488,0.988191517949978,0.8137453175711833,2.2456448985895228,1.703502239767692,0.989308255444804,0.829950171269488,cmc,XGB_1,RK_Prec,cmc_XGB_1
RF,2,RK,C2,0.984375,0.845,0.9844770178814156,0.8385320024782216,0.982635203391692,0.8272499303427139,2.215927367479579,1.7028521464033606,0.9844770178814156,0.8385320024782216,cmc,RF_2,RK_C2,cmc_RF_2
RF,2,RK,Corr,0.910625,0.8275,0.9124147651636438,0.8033879199881826,0.9006566732837659,0.8074669345387577,1.9905173953859576,1.7017517485258455,0.9124147651636438,0.8033879199881826,cmc,RF_2,RK_Corr,cmc_RF_2
RF,2,RK,Prec,0.989375,0.83,0.989308255444804,0.827782840990994,0.988191517949978,0.8107259910790706,2.2456448985895228,1.691659027765954,0.989308255444804,0.827782840990994,cmc,RF_2,RK_Prec,cmc_RF_2
SVC,0,RK,C2,0.84625,0.7925,0.8484656902753274,0.7738877995489035,0.8291048061668156,0.7685604740327641,1.8389278251759904,1.6477557701810222,0.8484656902753274,0.7738877995489035,cmc,SVC_0,RK_C2,cmc_SVC_0
SVC,0,RK,Corr,0.858125,0.845,0.8539273874505927,0.81653278168843,0.8420607935488444,0.8265794902276145,1.835874238196052,1.7248535350607603,0.8539273874505927,0.81653278168843,cmc,SVC_0,RK_Corr,cmc_SVC_0
SVC,0,RK,Prec,0.84375,0.78,0.8458927267226783,0.7639318943073755,0.8263219504739674,0.7548541660863025,1.833691478379926,1.626954524191847,0.8458927267226783,0.7639318943073755,cmc,SVC_0,RK_Prec,cmc_SVC_0
XGB,0,RK,C2,0.9039772727272728,0.9160997732426304,0.9452365521710951,0.9497282608695652,0.6672022341668196,0.7475828782698823,0.22312026644823,0.2894453318742925,0.9452365521710951,0.9497282608695652,titanic,XGB_0,RK_C2,titanic_XGB_0
XGB,0,RK,Corr,0.8301136363636363,0.8367346938775511,0.9031108230719378,0.9021739130434784,0.506404436207013,0.5764592892967666,0.1739395160202496,0.2208340969253177,0.9031108230719378,0.9021739130434784,titanic,XGB_0,RK_Corr,titanic_XGB_0
XGB,0,RK,Prec,0.9039772727272728,0.9160997732426304,0.9452365521710951,0.9497282608695652,0.6672022341668196,0.7475828782698823,0.22312026644823,0.2894453318742925,0.9452365521710951,0.9497282608695652,titanic,XGB_0,RK_Prec,titanic_XGB_0
RF,0,RK,C2,0.9039772727272728,0.9160997732426304,0.9452365521710951,0.9497282608695652,0.6672022341668196,0.7475828782698823,0.22312026644823,0.2894453318742925,0.9452365521710951,0.9497282608695652,titanic,RF_0,RK_C2,titanic_RF_0
RF,0,RK,Corr,0.8301136363636363,0.8367346938775511,0.9031108230719378,0.9021739130434784,0.506404436207013,0.5764592892967666,0.1739395160202496,0.2208340969253177,0.9031108230719378,0.9021739130434784,titanic,RF_0,RK_Corr,titanic_RF_0
RF,0,RK,Prec,0.9039772727272728,0.9160997732426304,0.9452365521710951,0.9497282608695652,0.6672022341668196,0.7475828782698823,0.22312026644823,0.2894453318742925,0.9452365521710951,0.9497282608695652,titanic,RF_0,RK_Prec,titanic_RF_0
SVC,1,RK,C2,0.8380681818181818,0.8390022675736961,0.7645478864008521,0.7852326738145241,0.5158432011490037,0.5687130676731085,0.1152492403417878,0.14817260330025933,0.7645478864008521,0.7852326738145241,titanic,SVC_1,RK_C2,titanic_SVC_1
SVC,1,RK,Corr,0.9119318181818182,0.9183673469387756,0.944603288062902,0.9457831325301204,0.7670303543734757,0.8025471369583603,0.32821974176912283,0.3749303163837221,0.944603288062902,0.9457831325301204,titanic,SVC_1,RK_Corr,titanic_SVC_1
SVC,1,RK,Prec,0.8380681818181818,0.8390022675736961,0.7645478864008521,0.7852326738145241,0.5158432011490037,0.5687130676731085,0.1152492403417878,0.14817260330025933,0.7645478864008521,0.7852326738145241,titanic,SVC_1,RK_Prec,titanic_SVC_1
XGB,1,RK,C2,0.9734848484848484,0.9588744588744588,0.9727578154285512,0.9628697574685496,0.969059050292711,0.9519253413366486,1.818036830801808,1.7719041217692515,0.9727578154285512,0.9628697574685496,segment,XGB_1,RK_C2,segment_XGB_1
XGB,1,RK,Corr,0.9453463203463204,0.9177489177489178,0.9441247381259216,0.9258801523081076,0.9362312304617436,0.9037927236260214,1.7420347014907445,1.6930329323562725,0.9441247381259216,0.9258801523081076,segment,XGB_1,RK_Corr,segment_XGB_1
XGB,1,RK,Prec,0.9967532467532468,0.9523809523809524,0.9966969687503254,0.9562044455400798,0.9962114456164088,0.9443742098609356,1.9277118472747088,1.7639751246133368,0.9966969687503254,0.9562044455400798,segment,XGB_1,RK_Prec,segment_XGB_1
RF,0,RK,C2,0.9734848484848484,0.9632034632034632,0.9727578154285512,0.9663025804171086,0.969059050292711,0.9569551849436316,1.818036830801808,1.7733790474673627,0.9727578154285512,0.9663025804171086,segment,RF_0,RK_C2,segment_RF_0
RF,0,RK,Corr,0.9453463203463204,0.922077922077922,0.9441247381259216,0.9270004544765944,0.9362312304617436,0.9087292223435606,1.7420347014907445,1.6930819382832636,0.9441247381259216,0.9270004544765944,segment,RF_0,RK_Corr,segment_RF_0
RF,0,RK,Prec,0.9967532467532468,0.9588744588744588,0.9966969687503254,0.9620687987200238,0.9962114456164088,0.9519319227230912,1.9277118472747088,1.7867075498073917,0.9966969687503254,0.9620687987200238,segment,RF_0,RK_Prec,segment_RF_0
SVC,1,RK,C2,0.9653679653679652,0.9502164502164502,0.9648071604802678,0.9520074983225376,0.9595872895683872,0.9417881012380848,1.7875312917890018,1.7288305050736834,0.9648071604802678,0.9520074983225376,segment,SVC_1,RK_C2,segment_SVC_1
SVC,1,RK,Corr,0.9415584415584416,0.9285714285714286,0.9414428177496056,0.930594879105214,0.9318272878714232,0.9163998069836814,1.7305577795398257,1.6844309448548038,0.9414428177496056,0.930594879105214,segment,SVC_1,RK_Corr,segment_SVC_1
SVC,1,RK,Prec,0.9696969696969696,0.9329004329004328,0.9690215733594776,0.9356131680151636,0.9646387092144784,0.9215894532832568,1.812097195119733,1.6809211426670894,0.9690215733594776,0.9356131680151636,segment,SVC_1,RK_Prec,segment_SVC_1
XGB,2,RK,C2,0.95355587808418,0.9632495164410058,0.7104827343199436,0.6964521452145215,0.5200905489530278,0.3264998285910182,0.06095143840954804,0.01912392008772415,0.7104827343199436,0.6964521452145215,seismic-bumps,XGB_2,RK_C2,seismic-bumps_XGB_2
XGB,2,RK,Corr,0.9163038219641992,0.9264990328820116,0.6941155743481325,0.8403465346534653,0.3567523812093576,0.2957413249211357,0.03595401801656084,0.03201784064863858,0.6941155743481325,0.8403465346534653,seismic-bumps,XGB_2,RK_Corr,seismic-bumps_XGB_2
XGB,2,RK,Prec,0.964683115626512,0.9709864603481624,0.7376027719050975,0.7004125412541254,0.6166825439164729,0.3851581701419171,0.08494186275697233,0.02218149843983848,0.7376027719050975,0.7004125412541254,seismic-bumps,XGB_2,RK_Prec,seismic-bumps_XGB_2
RF,0,RK,C2,0.9540396710208032,0.9709864603481624,0.7128744819649953,0.9854368932038836,0.5272744343254154,0.20502306509482315,0.06274750542209158,0.01343972620234169,0.7128744819649953,0.9854368932038836,seismic-bumps,RF_0,RK_C2,seismic-bumps_RF_0
RF,0,RK,Corr,0.9158200290275762,0.9187620889748548,0.6924504902380045,0.9592233009708736,0.3550678898556131,0.08014911463187335,0.03570087012999126,0.00961313801650136,0.6924504902380045,0.9592233009708736,seismic-bumps,RF_0,RK_Corr,seismic-bumps_RF_0
RF,0,RK,Prec,0.9641993226898888,0.9709864603481624,0.7358079790997659,0.487378640776699,0.6133303672095011,-0.00675061664286635,0.08463069087145396,9.87103603707004e-5,0.7358079790997659,0.487378640776699,seismic-bumps,RF_0,RK_Prec,seismic-bumps_RF_0
SVC,0,RK,C2,0.9622641509433962,0.9671179883945842,0.9622641509433962,0.9671179883945842,0,0,0,0,0.4811320754716981,0.4835589941972921,seismic-bumps,SVC_0,RK_C2,seismic-bumps_SVC_0
SVC,0,RK,Corr,0.9240445089501692,0.9148936170212766,0.9240445089501692,0.9148936170212766,0,0,0,0,0.46202225447508466,0.4574468085106383,seismic-bumps,SVC_0,RK_Corr,seismic-bumps_SVC_0
SVC,0,RK,Prec,0.9675858732462506,0.9748549323017408,0.9675858732462506,0.9748549323017408,0,0,0,0,0.4837929366231253,0.4874274661508704,seismic-bumps,SVC_0,RK_Prec,seismic-bumps_SVC_0
XGB,2,RK,C2,1,0.7384615384615385,1,0.7402407070213617,1,0.47859681200878834,0.6930431643794752,0.122789524715998,1,0.7402407070213617,madelon,XGB_2,RK_C2,madelon_XGB_2
XGB,2,RK,Corr,0.9966346153846154,0.7384615384615385,0.996613108311178,0.7405515832482125,0.9932675501465787,0.47891952430775575,0.6708160316608682,0.12415762838082658,0.996613108311178,0.7405515832482125,madelon,XGB_2,RK_Corr,madelon_XGB_2
XGB,2,RK,Prec,0.9980769230769232,0.6615384615384615,0.9980487804878048,0.6628473301653566,0.9961528324308828,0.32468529094907106,0.6803952893255418,0.05451399309835761,0.9980487804878048,0.6628473301653566,madelon,XGB_2,RK_Prec,madelon_XGB_2
RF,1,RK,C2,1,0.8,1,0.8018238071975248,1,0.6012799150655441,0.6930431643794752,0.20025421965869175,1,0.8018238071975248,madelon,RF_1,RK_C2,madelon_RF_1
RF,1,RK,Corr,0.9966346153846154,0.8346153846153846,0.996613108311178,0.8367751772734675,0.9932675501465787,0.670493228606375,0.6708160316608682,0.2588338233756619,0.996613108311178,0.8367751772734675,madelon,RF_1,RK_Corr,madelon_RF_1
RF,1,RK,Prec,0.9980769230769232,0.6730769230769231,0.9980487804878048,0.6743941614483872,0.9961528324308828,0.34770738330308004,0.6803952893255418,0.06270950438864828,0.9980487804878048,0.6743941614483872,madelon,RF_1,RK_Prec,madelon_RF_1
SVC,0,RK,C2,0.9451923076923076,0.7673076923076924,0.9456799192503084,0.7735119047619048,0.8904256449831562,0.5388449135150981,0.4840975006025443,0.16217253880873678,0.9456799192503084,0.7735119047619048,madelon,SVC_0,RK_C2,madelon_SVC_0
SVC,0,RK,Corr,0.9447115384615384,0.7673076923076924,0.9452362955431314,0.7744047619047619,0.8894727406139623,0.5396546678372842,0.48321662343531424,0.165082946923658,0.9452362955431314,0.7744047619047619,madelon,SVC_0,RK_Corr,madelon_SVC_0
SVC,0,RK,Prec,0.9442307692307692,0.6403846153846153,0.9447676919817444,0.6446428571428571,0.8885144157772802,0.28563032618277995,0.48199475170110767,0.04269025598459369,0.9447676919817444,0.6446428571428571,madelon,SVC_0,RK_Prec,madelon_SVC_0
XGB,0,RK,C2,0.9631083202511774,0.9498432601880876,0.9619797193326224,0.9461932938856016,0.9409374908297412,0.9181697208728136,0.8676614403018882,0.8047165318600868,0.9619797193326224,0.9461932938856016,dna,XGB_0,RK_C2,dna_XGB_0
XGB,0,RK,Corr,0.9403453689167977,0.9435736677115988,0.9302671843786906,0.9286522024983564,0.9032733795251632,0.9061734043596196,0.7718927551348779,0.768275103112943,0.9302671843786906,0.9286522024983564,dna,XGB_0,RK_Corr,dna_XGB_0
XGB,0,RK,Prec,0.9791993720565147,0.9294670846394985,0.9732102637967256,0.9148323471400394,0.9664091293620636,0.8836992627400146,0.9237648566698248,0.71935721189601,0.9732102637967256,0.9148323471400394,dna,XGB_0,RK_Prec,dna_XGB_0
RF,1,RK,C2,0.9474097331240188,0.945141065830721,0.9460447066282308,0.9499260122946848,0.9155694902571526,0.909717589504114,0.8090230638228577,0.7810137818926312,0.9460447066282308,0.9499260122946848,dna,RF_1,RK_C2,dna_RF_1
RF,1,RK,Corr,0.9254317111459968,0.9404388714733544,0.9148767193198925,0.9289289401037252,0.8786992263480153,0.9000630685963733,0.7172020619476905,0.7584405410782491,0.9148767193198925,0.9289289401037252,dna,RF_1,RK_Corr,dna_RF_1
RF,1,RK,Prec,0.999607535321821,0.9373040752351096,0.9994588744588744,0.9339612985267236,0.9993642383048418,0.895668526808528,1.0260197516188072,0.7356866335279768,0.9994588744588744,0.9339612985267236,dna,RF_1,RK_Prec,dna_RF_1
SVC,0,RK,C2,0.9509419152276296,0.945141065830721,0.9496910549768964,0.9383561144855346,0.9212363007423076,0.9106632046824804,0.8227043339989846,0.7859952145950917,0.9496910549768964,0.9383561144855346,dna,SVC_0,RK_C2,dna_SVC_0
SVC,0,RK,Corr,0.9281789638932496,0.9373040752351096,0.9179441222374708,0.9173714795672124,0.8831735882573276,0.8960332107079274,0.7266040406700707,0.7536964245915736,0.9179441222374708,0.9173714795672124,dna,SVC_0,RK_Corr,dna_SVC_0
SVC,0,RK,Prec,0.9960753532182104,0.9294670846394985,0.995757158206409,0.9165658242388685,0.9936424211197372,0.883962023935106,1.0030637850782038,0.7185735300217533,0.995757158206409,0.9165658242388685,dna,SVC_0,RK_Prec,dna_SVC_0
XGB,1,RK,C2,0.9529780564263324,0.9545454545454546,0.9544849578900676,0.9482429911503996,0.9239674001290052,0.9280693569706866,0.8199577706676072,0.8417805587360381,0.9544849578900676,0.9482429911503996,splice,XGB_1,RK_C2,splice_XGB_1
XGB,1,RK,Corr,0.9329937304075236,0.9545454545454546,0.9307602146046424,0.9505572328045776,0.8915337885650557,0.9282105802286148,0.7528531706471058,0.8499055016833097,0.9307602146046424,0.9505572328045776,splice,XGB_1,RK_Corr,splice_XGB_1
XGB,1,RK,Prec,0.997257053291536,0.9482758620689656,0.9967021654223952,0.9381385914486846,0.9955160372452044,0.917821372532182,1.0025857895130017,0.8168504821942326,0.9967021654223952,0.9381385914486846,splice,XGB_1,RK_Prec,splice_XGB_1
RF,2,RK,C2,0.9537617554858934,0.95141065830721006,0.9550028858592734,0.9513519813519814,0.9252576948565272,0.9226355091199976,0.8227790406742954,0.8300134137624915,0.9550028858592734,0.9513519813519814,splice,RF_2,RK_C2,splice_RF_2
RF,2,RK,Corr,0.9337774294670846,0.9529780564263324,0.931292824853395,0.9558248001998,0.8928348420443993,0.925290698809101,0.7555346319898101,0.8420109172632428,0.931292824853395,0.9558248001998,splice,RF_2,RK_Corr,splice_RF_2
RF,2,RK,Prec,0.9980407523510972,0.9420062695924764,0.9972024845974428,0.9369397269397268,0.9967983138455362,0.907253232542698,1.0084656440999733,0.7868819644101213,0.9972024845974428,0.9369397269397268,splice,RF_2,RK_Prec,splice_RF_2
SVC,0,RK,C2,0.9557210031347962,0.945141065830721,0.9571411524291106,0.9387133672390106,0.9284002886075976,0.9130692059438396,0.8322193761784018,0.8062659829848775,0.9571411524291106,0.9387133672390106,splice,SVC_0,RK_C2,splice_SVC_0
SVC,0,RK,Corr,0.9357366771159876,0.9404388714733544,0.93337701662309,0.9360525770804988,0.8959673321992004,0.9058159907696252,0.7645464604897281,0.7948833160111481,0.93337701662309,0.9360525770804988,splice,SVC_0,RK_Corr,splice_SVC_0
SVC,0,RK,Prec,0.9976489028213166,0.945141065830721,0.9970644829283573,0.9381587233139208,0.9961564760065906,0.9127089921856372,1.0051732801657256,0.7995331740403981,0.9970644829283573,0.9381587233139208,splice,SVC_0,RK_Prec,splice_SVC_0
XGB,1,RK,C2,0.9737871674491392,0.9625,0.9731081433324644,0.9620521684475172,0.9474173548643828,0.9245401666404652,0.5747600596893514,0.5304161676980776,0.9731081433324644,0.9620521684475172,kr-vs-kp,XGB_1,RK_C2,kr-vs-kp_XGB_1
XGB,1,RK,Corr,0.942488262910798,0.9296875,0.941267728729358,0.9298790069138908,0.8845193500440738,0.858745978184101,0.4767388674415295,0.43698659371516857,0.941267728729358,0.9298790069138908,kr-vs-kp,XGB_1,RK_Corr,kr-vs-kp_XGB_1
XGB,1,RK,Prec,0.9953051643192488,0.9921875,0.9952970760054586,0.9917897548711504,0.990594152010917,0.984275493356396,0.6624368863148821,0.6457891597674724,0.9952970760054586,0.9917897548711504,kr-vs-kp,XGB_1,RK_Prec,kr-vs-kp_XGB_1
RF,0,RK,C2,0.9737871674491392,0.9734375,0.9731042146143672,0.9726131366845884,0.9474232957057384,0.946644696835952,0.5753172630878174,0.5720887709688556,0.9731042146143672,0.9726131366845884,kr-vs-kp,RF_0,RK_C2,kr-vs-kp_RF_0
RF,0,RK,Corr,0.942488262910798,0.946875,0.9412862585799936,0.9465581572994096,0.8845366679327524,0.893413795468127,0.4771513284949091,0.4841196051190286,0.9412862585799936,0.9465581572994096,kr-vs-kp,RF_0,RK_Corr,kr-vs-kp_RF_0
RF,0,RK,Prec,0.9960876369327074,0.978125,0.9960501213295287,0.9772306607515352,0.9921623028846772,0.9560530110554144,0.6668072606980505,0.5915317894556418,0.9960501213295287,0.9772306607515352,kr-vs-kp,RF_0,RK_Prec,kr-vs-kp_RF_0
SVC,1,RK,C2,0.9593114241001564,0.9453125,0.9592562206112852,0.9464147883264452,0.9186136795052354,0.8908190520754129,0.5392999945747545,0.5087884647685514,0.9592562206112852,0.9464147883264452,kr-vs-kp,SVC_1,RK_C2,kr-vs-kp_SVC_1
SVC,1,RK,Corr,0.9397496087636932,0.953125,0.9396759894200628,0.953991656163594,0.8794812129525302,0.9063716071898804,0.4830150643367187,0.523129807859543,0.9396759894200628,0.953991656163594,kr-vs-kp,SVC_1,RK_Corr,kr-vs-kp_SVC_1
SVC,1,RK,Prec,0.9745696400625978,0.94375,0.9745383522727272,0.9448857363386776,0.9491359790543346,0.8877072590628625,0.582982001290242,0.505189175424023,0.9745383522727272,0.9448857363386776,kr-vs-kp,SVC_1,RK_Prec,kr-vs-kp_SVC_1
XGB,1,RK,C2,0.9857917850684578,0.9803719008264464,0.8813984824908965,0.8614457831325302,0.8427762594034796,0.7978723404255319,0.1327050568967083,0.12505162960362864,0.8813984824908965,0.8614457831325302,wilt,XGB_1,RK_C2,wilt_XGB_1
XGB,1,RK,Corr,0.9542753810384912,0.9597107438016528,0.8693928894164702,0.8761226725082147,0.6173301066578945,0.6667961165048544,0.091407503026446,0.10409440746322483,0.8693928894164702,0.8761226725082147,wilt,XGB_1,RK_Corr,wilt_XGB_1
XGB,1,RK,Prec,0.9950917075691036,0.9907024793388428,0.9557460017003802,0.9181818181818182,0.9488271126062348,0.9060275272899858,0.17539669362132948,0.16582816154213492,0.9557460017003802,0.9181818181818182,wilt,XGB_1,RK_Prec,wilt_XGB_1
RF,2,RK,C2,0.9857917850684578,0.984504132231405,0.8813984824908965,0.8899758376633096,0.8427762594034796,0.8340040241448692,0.1327050568967083,0.130856162871191,0.8813984824908965,0.8899758376633096,wilt,RF_2,RK_C2,wilt_RF_2
RF,2,RK,Corr,0.9542753810384912,0.9638429752066116,0.8693928894164702,0.9068467081489084,0.6173301066578945,0.6919663963341456,0.091407503026446,0.11088889193539413,0.8693928894164702,0.9068467081489084,wilt,RF_2,RK_Corr,wilt_RF_2
RF,2,RK,Prec,0.9950917075691036,0.9948347107438016,0.9557460017003802,0.9509803921568628,0.9488271126062348,0.9457423433926728,0.17539669362132948,0.17425004820018145,0.9557460017003802,0.9509803921568628,wilt,RF_2,RK_Prec,wilt_RF_2
SVC,1,RK,C2,0.9684835959700336,0.9638429752066116,0.802817284116374,0.7891861297849239,0.6160715011568372,0.5964360587002097,0.0684845956732722,0.06877411385974462,0.802817284116374,0.7891861297849239,wilt,SVC_1,RK_C2,wilt_SVC_1
SVC,1,RK,Corr,0.9338672177731852,0.9390495867768596,0.7734248878744578,0.7862522235313143,0.40845588323078064,0.46462184558851105,0.04405179132380718,0.05406781565659312,0.7734248878744578,0.7862522235313143,wilt,SVC_1,RK_Corr,wilt_SVC_1
SVC,1,RK,Prec,0.9695169206923276,0.9679752066115702,0.8428867811737779,0.8216439115669831,0.6526059610455786,0.649848308051342,0.07936880284479794,0.08083906677777541,0.8428867811737779,0.8216439115669831,wilt,SVC_1,RK_Prec,wilt_SVC_1
XGB,2,RK,C2,0.95425,0.946,0.8305525212067268,0.8094874868330246,0.7700340550661623,0.7162792652683788,0.21040113671431707,0.16919398213380157,0.8305525212067268,0.8094874868330246,churn,XGB_2,RK_C2,churn_XGB_2
XGB,2,RK,Corr,0.91125,0.914,0.7188021739423608,0.7164650757328103,0.5332693496009782,0.5257841104592175,0.09947215442736994,0.09328934637487538,0.7188021739423608,0.7164650757328103,churn,XGB_2,RK_Corr,churn_XGB_2
XGB,2,RK,Prec,1,0.955,1,0.8553902873124841,1,0.7767281243177804,0.3934536342603935,0.1981810106141661,1,0.8553902873124841,churn,XGB_2,RK_Prec,churn_XGB_2
RF,0,RK,C2,0.95425,0.952,0.8305525212067268,0.8237590219472677,0.7700340550661623,0.7455902306648575,0.21040113671431707,0.18233599730392988,0.8305525212067268,0.8237590219472677,churn,RF_0,RK_C2,churn_RF_0
RF,0,RK,Corr,0.91125,0.918,0.7188021739423608,0.7247385476506113,0.5332693496009782,0.5435518346989668,0.09947215442736994,0.09827549290153176,0.7188021739423608,0.7247385476506113,churn,RF_0,RK_Corr,churn_RF_0
RF,0,RK,Prec,1,0.957,1,0.8612277213138901,1,0.7849483876130271,0.3934536342603935,0.20076219536231665,1,0.8612277213138901,churn,RF_0,RK_Prec,churn_RF_0
SVC,1,RK,C2,0.906,0.903,0.6820070895978487,0.6558125516286755,0.23134163593396073,0.22347817733516917,0.01865298277914764,0.01686418922814672,0.6820070895978487,0.6558125516286755,churn,SVC_1,RK_C2,churn_SVC_1
SVC,1,RK,Corr,0.919,0.911,0.6946937383796858,0.6397825456006787,0.2719951825854058,0.2195994528427625,0.02249650454951499,0.01517292570240209,0.6946937383796858,0.6397825456006787,churn,SVC_1,RK_Corr,churn_SVC_1
SVC,1,RK,Prec,0.86775,0.894,0.7005046995927663,0.6814315375856757,0.1907169574629206,0.23469019392661697,0.01813469431535727,0.02021207053098878,0.7005046995927663,0.6814315375856757,churn,SVC_1,RK_Prec,churn_SVC_1
XGB,2,RK,C2,0.8346055979643766,0.820536540240518,0.7870212142228958,0.7668203760784122,0.5925947405430805,0.5552044183895954,0.1700593544344237,0.14874078813883934,0.7870212142228958,0.7668203760784122,phoneme,XGB_2,RK_C2,phoneme_XGB_2
XGB,2,RK,Corr,0.7941244506130002,0.7918593894542091,0.7457189026090563,0.7357523199112808,0.5000988766007031,0.4874240013487456,0.11994516697743364,0.11377968785428676,0.7457189026090563,0.7357523199112808,phoneme,XGB_2,RK_Corr,phoneme_XGB_2
XGB,2,RK,Prec,0.9049271339347676,0.8556891766882516,0.8649240357380341,0.7998638224309735,0.7628782547548718,0.6356368727637287,0.29580317775594545,0.19922898728499977,0.8649240357380341,0.7998638224309735,phoneme,XGB_2,RK_Prec,phoneme_XGB_2
RF,2,RK,C2,0.8346055979643766,0.8362627197039778,0.7870212142228958,0.7854013842264496,0.5925947405430805,0.5901048640195374,0.1700593544344237,0.1671587240531545,0.7870212142228958,0.7854013842264496,phoneme,RF_2,RK_C2,phoneme_RF_2
RF,2,RK,Corr,0.7941244506130002,0.81313598519889,0.7457189026090563,0.7606718057109703,0.5000988766007031,0.5353525466430614,0.11994516697743364,0.13669161653104966,0.7457189026090563,0.7606718057109703,phoneme,RF_2,RK_Corr,phoneme_RF_2
RF,2,RK,Prec,0.9049271339347676,0.8658649398704903,0.8649240357380341,0.8118964731236271,0.7628782547548718,0.6575937960788597,0.29580317775594545,0.21119427322895937,0.8649240357380341,0.8118964731236271,phoneme,RF_2,RK_Prec,phoneme_RF_2
SVC,0,RK,C2,0.8609761739532732,0.8695652173913043,0.8183891447619532,0.827720274291629,0.6582798823580939,0.6660180772391127,0.21297570933096188,0.21143450323104235,0.8183891447619532,0.827720274291629,phoneme,SVC_0,RK_C2,phoneme_SVC_0
SVC,0,RK,Corr,0.8542678695350451,0.8649398704902868,0.8173192702104379,0.8255983956527364,0.6468330527611441,0.6567597191895818,0.20522292491674424,0.20582149809716715,0.8173192702104379,0.8255983956527364,phoneme,SVC_0,RK_Corr,phoneme_SVC_0
SVC,0,RK,Prec,0.8582003238491788,0.8714153561517114,0.8091702078933306,0.8194634924742312,0.6471387401729767,0.6635151325144719,0.2059537117199079,0.2090551029084284,0.8091702078933306,0.8194634924742312,phoneme,SVC_0,RK_Prec,phoneme_SVC_0
XGB,0,RK,C2,0.9518790100824932,0.9404761904761904,0.9525112441461868,0.9616222485955808,0.9272462263207282,0.9102911178348536,1.0023073170631294,0.9767843958049802,0.9525112441461868,0.9616222485955808,wall-robot-navigation,XGB_0,RK_C2,wall-robot-navigation_XGB_0
XGB,0,RK,Corr,0.9777726856095326,0.9798534798534798,0.92493287234016,0.9363837176638832,0.9661715591379976,0.969332421033282,1.0850860162813016,1.0876126181172008,0.92493287234016,0.9363837176638832,wall-robot-navigation,XGB_0,RK_Corr,wall-robot-navigation_XGB_0
XGB,0,RK,Prec,0.9983959670027498,0.9826007326007326,0.9969144640971476,0.9852193151962948,0.9975776466616874,0.9736923521684664,1.176770269505921,1.091563822367586,0.9969144640971476,0.9852193151962948,wall-robot-navigation,XGB_0,RK_Prec,wall-robot-navigation_XGB_0
RF,0,RK,C2,0.9518790100824932,0.9404761904761904,0.9525112441461868,0.955900802370321,0.9272462263207282,0.9104527322135508,1.0023073170631294,0.974985247662496,0.9525112441461868,0.955900802370321,wall-robot-navigation,RF_0,RK_C2,wall-robot-navigation_RF_0
RF,0,RK,Corr,0.9777726856095326,0.9798534798534798,0.92493287234016,0.9319814434712164,0.9661715591379976,0.969407869603973,1.0850860162813016,1.0875221597868054,0.92493287234016,0.9319814434712164,wall-robot-navigation,RF_0,RK_Corr,wall-robot-navigation_RF_0
RF,0,RK,Prec,0.9983959670027498,0.9835164835164836,0.9969144640971476,0.9814381121988648,0.9975776466616874,0.9751374926004442,1.176770269505921,1.1006849055365673,0.9969144640971476,0.9814381121988648,wall-robot-navigation,RF_0,RK_Prec,wall-robot-navigation_RF_0
SVC,2,RK,C2,0.9227772685609532,0.891941391941392,0.9272438876219228,0.9017726149610792,0.8827544993052971,0.8370326526585775,0.8735833426290363,0.7972403783247426,0.9272438876219228,0.9017726149610792,wall-robot-navigation,SVC_2,RK_C2,wall-robot-navigation_SVC_2
SVC,2,RK,Corr,0.9264436296975253,0.891941391941392,0.88634515135898,0.8540565609448787,0.8875900162398758,0.8356340518242049,0.8662919610746194,0.7736086443812511,0.88634515135898,0.8540565609448787,wall-robot-navigation,SVC_2,RK_Corr,wall-robot-navigation_SVC_2
SVC,2,RK,Prec,0.9358386801099908,0.9047619047619048,0.941570663071821,0.9118298302887088,0.9027254499222588,0.8561151808315743,0.9070331516883584,0.8213781950279403,0.941570663071821,0.9118298302887088,wall-robot-navigation,SVC_2,RK_Prec,wall-robot-navigation_SVC_2
XGB,2,RK,C2,0.9990767810432374,0.9993846153846154,0.9990427568602424,0.9993606138107416,0.9981511049037682,0.998767436974312,0.6857478764514674,0.6876808716589631,0.9990427568602424,0.9993606138107416,mushroom,XGB_2,RK_C2,mushroom_XGB_2
XGB,2,RK,Corr,0.998615171564856,0.9987692307692309,0.9985641352903638,0.9987212276214834,0.997226566224782,0.9975347598856128,0.6829250168908163,0.6837716714640691,0.9985641352903638,0.9987212276214834,mushroom,XGB_2,RK_Corr,mushroom_XGB_2
XGB,2,RK,Prec,1,1,1,1,1,1,0.6925153620097683,0.692442446947224,1,1,mushroom,XGB_2,RK_Prec,mushroom_XGB_2
RF,1,RK,C2,0.9990767810432374,0.9993846153846154,0.9990427568602424,0.9993606138107416,0.9981511049037682,0.998767436974312,0.6857478764514674,0.6876808716589631,0.9990427568602424,0.9993606138107416,mushroom,RF_1,RK_C2,mushroom_RF_1
RF,1,RK,Corr,0.998615171564856,0.9987692307692309,0.9985641352903638,0.9987212276214834,0.997226566224782,0.9975347598856128,0.6829250168908163,0.6837716714640691,0.9985641352903638,0.9987212276214834,mushroom,RF_1,RK_Corr,mushroom_RF_1
RF,1,RK,Prec,1,1,1,1,1,1,0.6925153620097683,0.692442446947224,1,1,mushroom,RF_1,RK_Prec,mushroom_RF_1
SVC,1,RK,C2,0.9990767810432374,0.9993846153846154,0.9990427568602424,0.9993606138107416,0.9981511049037682,0.998767436974312,0.6857478764514674,0.6876808716589631,0.9990427568602424,0.9993606138107416,mushroom,SVC_1,RK_C2,mushroom_SVC_1
SVC,1,RK,Corr,0.998615171564856,0.9987692307692309,0.9985641352903638,0.9987212276214834,0.997226566224782,0.9975347598856128,0.6829250168908163,0.6837716714640691,0.9985641352903638,0.9987212276214834,mushroom,SVC_1,RK_Corr,mushroom_SVC_1
SVC,1,RK,Prec,1,1,1,1,1,1,0.6925153620097683,0.692442446947224,1,1,mushroom,SVC_1,RK_Prec,mushroom_SVC_1
XGB,1,RK,C2,0.9623740745236072,0.9364077669902912,0.963747329153737,0.9364890682257546,0.9547312153393172,0.9235127342255998,1.6169645490949902,1.516459512760495,0.963747329153737,0.9364890682257546,har,XGB_1,RK_C2,har_XGB_1
XGB,1,RK,Corr,0.9665007889306956,0.9354368932038836,0.966938720032333,0.9348943331355868,0.9597000616311716,0.9223645516735628,1.6400407501594425,1.534270207466235,0.966938720032333,0.9348943331355868,har,XGB_1,RK_Corr,har_XGB_1
XGB,1,RK,Prec,0.9981793907027552,0.9281553398058252,0.9981073750560906,0.9298396548454334,0.9978095102544556,0.9135766423357664,1.772156923902139,1.4755519404178172,0.9981073750560906,0.9298396548454334,har,XGB_1,RK_Prec,har_XGB_1
RF,2,RK,C2,0.9623740745236072,0.94126213592233,0.963747329153737,0.9417553983795428,0.9547312153393172,0.9293507559520132,1.6169645490949902,1.5287550162990284,0.963747329153737,0.9417553983795428,har,RF_2,RK_C2,har_RF_2
RF,2,RK,Corr,0.9665007889306956,0.9427184466019416,0.966938720032333,0.9427768030242998,0.9597000616311716,0.931115686143932,1.6400407501594425,1.553632774475775,0.966938720032333,0.9427768030242998,har,RF_2,RK_Corr,har_RF_2
RF,2,RK,Prec,0.9981793907027552,0.924757281553398,0.9981073750560906,0.9269155840621944,0.9978095102544556,0.9094742446712992,1.772156923902139,1.467002571868394,0.9981073750560906,0.9269155840621944,har,RF_2,RK_Prec,har_RF_2
SVC,1,RK,C2,0.9595824736011652,0.9325242718446602,0.9611391137234911,0.9329548819426918,0.9513725635741695,0.9188408360351904,1.6087267352100274,1.506232679881124,0.9611391137234911,0.9329548819426918,har,SVC_1,RK_C2,har_SVC_1
SVC,1,RK,Corr,0.9648015535866004,0.9354368932038836,0.9653483579681232,0.9351398833465566,0.9576558618588398,0.9223635617097472,1.6354745094065253,1.5369947047212151,0.9653483579681232,0.9351398833465566,har,SVC_1,RK_Corr,har_SVC_1
SVC,1,RK,Prec,0.9915038232795242,0.9233009708737864,0.991864046336222,0.9253098336336312,0.9897777145207926,0.907734218534514,1.7390032518355876,1.461221161638799,0.991864046336222,0.9253098336336312,har,SVC_1,RK_Prec,har_SVC_1
XGB,1,RK,C2,0.9291915878834652,0.9359567901234568,0.7629854378503579,0.7491689385537396,0.8953953228564283,0.9052324016592788,0.9452538894874694,0.9565140300192873,0.7629854378503579,0.7491689385537396,nursery,XGB_1,RK_C2,nursery_XGB_1
XGB,1,RK,Corr,0.8401504919930542,0.84375,0.7852585346261868,0.8090031031828377,0.7648138344677606,0.7704655432650017,0.8011517200474513,0.8094480758016583,0.7852585346261868,0.8090031031828377,nursery,XGB_1,RK_Corr,nursery_XGB_1
XGB,1,RK,Prec,0.996044761721011,0.9864969135802468,0.9882259213506536,0.9712747713350848,0.9942021588891068,0.9801876451885044,1.1614186069636796,1.1086623021402997,0.9882259213506536,0.9712747713350848,nursery,XGB_1,RK_Prec,nursery_XGB_1
RF,1,RK,C2,0.9291915878834652,0.9444444444444444,0.7629854378503579,0.7586629078213033,0.8953953228564283,0.9176278821568128,0.9452538894874694,0.9670198611890848,0.7629854378503579,0.7586629078213033,nursery,RF_1,RK_C2,nursery_RF_1
RF,1,RK,Corr,0.8401504919930542,0.8406635802469136,0.7852585346261868,0.8026830068540444,0.7648138344677606,0.7657704060031267,0.8011517200474513,0.802326660835186,0.7852585346261868,0.8026830068540444,nursery,RF_1,RK_Corr,nursery_RF_1
RF,1,RK,Prec,0.996044761721011,0.976851851851852,0.9882259213506536,0.9601997960156374,0.9942021588891068,0.965980107375286,1.1614186069636796,1.066430393193856,0.9882259213506536,0.9601997960156374,nursery,RF_1,RK_Prec,nursery_RF_1
SVC,0,RK,C2,0.9291915878834652,0.9359567901234568,0.7629854378503579,0.7491689385537396,0.8953953228564283,0.9052324016592788,0.9452538894874694,0.9565140300192873,0.7629854378503579,0.7491689385537396,nursery,SVC_0,RK_C2,nursery_SVC_0
SVC,0,RK,Corr,0.8401504919930542,0.84375,0.7852585346261868,0.8090031031828377,0.7648138344677606,0.7704655432650017,0.8011517200474513,0.8094480758016583,0.7852585346261868,0.8090031031828377,nursery,SVC_0,RK_Corr,nursery_SVC_0
SVC,0,RK,Prec,0.996044761721011,0.9864969135802468,0.9882259213506536,0.9712747713350848,0.9942021588891068,0.9801876451885044,1.1614186069636796,1.1086623021402997,0.9882259213506536,0.9712747713350848,nursery,SVC_0,RK_Prec,nursery_SVC_0
XGB,2,RK,C2,0.9480269838967068,0.9511098215581024,0.9296060303029464,0.9312853619434432,0.8708720467086021,0.877987818326338,0.3951872846705031,0.40317487552342335,0.9296060303029464,0.9312853619434432,nomao,XGB_2,RK_C2,nomao_XGB_2
XGB,2,RK,Corr,0.9058827796315102,0.9093283040765996,0.8824540493643855,0.8883104414062234,0.7682782776658241,0.7774518574094629,0.2951626092006318,0.30372104558465757,0.8824540493643855,0.8883104414062234,nomao,XGB_2,RK_Corr,nomao_XGB_2
RF,2,RK,C2,0.947736834469752,0.9590889307993616,0.9292253437735958,0.9416510506823604,0.8701618004224206,0.89771231855993,0.3944202349723467,0.4258777604745784,0.9292253437735958,0.9416510506823604,nomao,RF_2,RK_C2,nomao_RF_2
RF,2,RK,Corr,0.9055926302045554,0.9129551719135356,0.8820790332584916,0.893238755145094,0.7675820694677379,0.7859922460868736,0.29457549466610805,0.31104925748956574,0.8820790332584916,0.893238755145094,nomao,RF_2,RK_Corr,nomao_RF_2
SVC,0,RK,C2,0.9676483388945308,0.9688089366023502,0.9553956219549928,0.9546029765747924,0.9192346554664668,0.9217915990278694,0.4520177250338539,0.4553859116432985,0.9553956219549928,0.9546029765747924,nomao,SVC_0,RK_C2,nomao_SVC_0
SVC,0,RK,Corr,0.9199187581604528,0.9174524880313362,0.9009967230036824,0.8995711031432447,0.8019304892380986,0.7965171541246304,0.32451766587166786,0.3202024393486305,0.9009967230036824,0.8995711031432447,nomao,SVC_0,RK_Corr,nomao_SVC_0
