model_bb,bb_num,model_rk,rk_cat,acc_train,acc_test,bacc_train,bacc_test,kappa_train,kappa_test,mutual_train,mutual_test,recall_train,recall_test,avg_rule_coverage,avg_rule_precision,avg_rule_quality,rules_count,dataset,model,approx,filter_key
XGB,2,RK,C2,0.9907407407407408,0.8796296296296297,0.9904761904761904,0.8890977443609023,0.9809523809523808,0.7467532467532467,0.6267555968403127,0.3161988462539565,0.9904761904761904,0.8890977443609023,0.05799010217113666,0.9983237430537364,0.555873524189353,58,cylinder-bands,XGB_2,RK_C2,cylinder-bands_XGB_2
XGB,2,RK,Corr,0.8425925925925926,0.8148148148148148,0.834126984126984,0.8150375939849623,0.6736,0.6081277213352685,0.24426951266661903,0.19673711652714387,0.834126984126984,0.8150375939849623,0.3508986928104575,0.8317505920537867,0.5122780700519769,17,cylinder-bands,XGB_2,RK_Corr,cylinder-bands_XGB_2
XGB,2,RK,Prec,0.9976851851851852,0.8703703703703703,0.9972222222222222,0.8458646616541354,0.9952343129467832,0.7087827426810478,0.6640742599841563,0.2635103625307451,0.9972222222222222,0.8458646616541354,0.0446645415907711,1,1,61,cylinder-bands,XGB_2,RK_Prec,cylinder-bands_XGB_2
RF,0,RK,C2,0.9907407407407408,0.8703703703703703,0.9904761904761904,0.8762541806020068,0.9809523809523808,0.7281553398058253,0.6267555968403127,0.2954031428500431,0.9904761904761904,0.8762541806020068,0.05799010217113666,0.9983237430537364,0.555873524189353,58,cylinder-bands,RF_0,RK_C2,cylinder-bands_RF_0
RF,0,RK,Corr,0.8425925925925926,0.7685185185185185,0.834126984126984,0.7630992196209587,0.6736,0.5119305856832972,0.24426951266661903,0.13581833163220686,0.834126984126984,0.7630992196209587,0.3508986928104575,0.8317505920537867,0.5122780700519769,17,cylinder-bands,RF_0,RK_Corr,cylinder-bands_RF_0
RF,0,RK,Prec,0.9976851851851852,0.8425925925925926,0.9972222222222222,0.8154960981047937,0.9952343129467832,0.6490825688073394,0.6640742599841563,0.21932836706308528,0.9972222222222222,0.8154960981047937,0.0446645415907711,1,1,61,cylinder-bands,RF_0,RK_Prec,cylinder-bands_RF_0
SVC,1,RK,C2,0.9907407407407408,0.8425925925925926,0.9873561796362738,0.8248355263157895,0.9785378940308518,0.6325060048038431,0.5722060613568627,0.20024536102664856,0.9873561796362738,0.8248355263157895,0.08215130023640663,0.9983896573117768,0.5762744214624158,47,cylinder-bands,SVC_1,RK_C2,cylinder-bands_SVC_1
SVC,1,RK,Corr,0.8680555555555556,0.8518518518518519,0.8017444018310034,0.768092105263158,0.664541441883276,0.6014760147601476,0.24254463461123552,0.19047416803587405,0.8017444018310034,0.768092105263158,0.3307098765432099,0.8918084220872354,0.5712099208020943,15,cylinder-bands,SVC_1,RK_Corr,cylinder-bands_SVC_1
SVC,1,RK,Prec,1,0.8703703703703703,1,0.8445723684210527,1,0.6891447368421053,0.6246868915804531,0.2357369773370485,1,0.8445723684210527,0.05885631001371743,0.9983130128057665,0.9983130128057665,54,cylinder-bands,SVC_1,RK_Prec,cylinder-bands_SVC_1
XGB,2,RK,C2,0.9846153846153848,0.9649122807017544,0.9794428862825088,0.9646401985111664,0.9659150498164656,0.9292803970223324,0.5691594668951456,0.5374300470691735,0.9794428862825088,0.9646401985111664,0.4435897435897435,0.9948561074459532,0.9059134046175296,12,wdbc,XGB_2,RK_C2,wdbc_XGB_2
XGB,2,RK,Corr,0.9802197802197802,0.9824561403508772,0.9760645079041306,0.9823200992555832,0.9563046192259675,0.9646401985111662,0.5499273923327848,0.6010440844072392,0.9760645079041306,0.9823200992555832,0.45149136577708,0.9603037166912768,0.8673064368652252,7,wdbc,XGB_2,RK_Corr,wdbc_XGB_2
XGB,2,RK,Prec,0.9934065934065934,0.9473684210526316,0.9905660377358492,0.9469602977667494,0.9854348730753224,0.8939205955334988,0.6102038810809998,0.4833174576208728,0.9905660377358492,0.9469602977667494,0.2815018315018315,1,1,24,wdbc,XGB_2,RK_Prec,wdbc_XGB_2
RF,2,RK,C2,0.9846153846153848,0.9649122807017544,0.9794428862825088,0.9646401985111664,0.9659150498164656,0.9292803970223324,0.5691594668951456,0.5374300470691735,0.9794428862825088,0.9646401985111664,0.4435897435897435,0.9948561074459532,0.9059134046175296,12,wdbc,RF_2,RK_C2,wdbc_RF_2
RF,2,RK,Corr,0.9802197802197802,0.9824561403508772,0.9760645079041306,0.9823200992555832,0.9563046192259675,0.9646401985111662,0.5499273923327848,0.6010440844072392,0.9760645079041306,0.9823200992555832,0.45149136577708,0.9603037166912768,0.8673064368652252,7,wdbc,RF_2,RK_Corr,wdbc_RF_2
RF,2,RK,Prec,0.9934065934065934,0.9473684210526316,0.9905660377358492,0.9469602977667494,0.9854348730753224,0.8939205955334988,0.6102038810809998,0.4833174576208728,0.9905660377358492,0.9469602977667494,0.2815018315018315,1,1,24,wdbc,RF_2,RK_Prec,wdbc_RF_2
SVC,1,RK,C2,0.9868131868131867,0.9385964912280702,0.9823985807720258,0.9412878787878788,0.9706476862205402,0.8751173708920188,0.5751217317348145,0.4593461444245896,0.9823985807720258,0.9412878787878788,0.4485347985347984,0.9960146733732568,0.9134073895027366,12,wdbc,SVC_1,RK_C2,wdbc_SVC_1
SVC,1,RK,Corr,0.9692307692307692,0.9298245614035088,0.9599345958192622,0.9337121212121212,0.9310934187183592,0.8576779026217228,0.5079182773132663,0.43999811867484495,0.9599345958192622,0.9337121212121212,0.4621664050235479,0.961920902098392,0.8928257381872479,7,wdbc,SVC_1,RK_Corr,wdbc_SVC_1
SVC,1,RK,Prec,0.9934065934065934,0.9298245614035088,0.9904458598726116,0.9337121212121212,0.9853460584654692,0.8576779026217228,0.6073854535375618,0.43999811867484495,0.9904458598726116,0.9337121212121212,0.26172161172161174,1,1,24,wdbc,SVC_1,RK_Prec,wdbc_SVC_1
XGB,1,RK,C2,0.9791666666666666,0.8833333333333333,0.9788309508338748,0.8865874725176113,0.9749887970653522,0.8599533177725909,1.7030774836786775,1.419601700571142,0.9788309508338748,0.8865874725176113,0.07916666666666666,1,0.7357100184363183,34,kdd-synthetic-control,XGB_1,RK_C2,kdd-synthetic-control_XGB_1
XGB,1,RK,Corr,0.9833333333333332,0.9083333333333332,0.9836859784818284,0.9031724398378724,0.9799943734175236,0.8897611491565057,1.7174205142763024,1.4772800684771703,0.9836859784818284,0.9031724398378724,0.14419642857142856,1,0.916087455298182,14,kdd-synthetic-control,XGB_1,RK_Corr,kdd-synthetic-control_XGB_1
XGB,1,RK,Prec,0.9791666666666666,0.8666666666666667,0.979172023825198,0.8674731906492573,0.9749904911763326,0.8398799099324493,1.6926151309688544,1.3866417347687294,0.979172023825198,0.8674731906492573,0.05314465408805032,1,1,53,kdd-synthetic-control,XGB_1,RK_Prec,kdd-synthetic-control_XGB_1
RF,0,RK,C2,0.9791666666666666,0.8833333333333333,0.9788309508338748,0.8865874725176113,0.9749887970653522,0.8599533177725909,1.7030774836786775,1.419601700571142,0.9788309508338748,0.8865874725176113,0.07916666666666666,1,0.7357100184363183,34,kdd-synthetic-control,RF_0,RK_C2,kdd-synthetic-control_RF_0
RF,0,RK,Corr,0.9833333333333332,0.9083333333333332,0.9836859784818284,0.9031724398378724,0.9799943734175236,0.8897611491565057,1.7174205142763024,1.4772800684771703,0.9836859784818284,0.9031724398378724,0.14419642857142856,1,0.916087455298182,14,kdd-synthetic-control,RF_0,RK_Corr,kdd-synthetic-control_RF_0
RF,0,RK,Prec,0.9791666666666666,0.8666666666666667,0.979172023825198,0.8674731906492573,0.9749904911763326,0.8398799099324493,1.6926151309688544,1.3866417347687294,0.979172023825198,0.8674731906492573,0.05314465408805032,1,1,53,kdd-synthetic-control,RF_0,RK_Prec,kdd-synthetic-control_RF_0
SVC,0,RK,C2,0.9854166666666668,0.8916666666666667,0.985466128521684,0.8878129627136896,0.9824960798512168,0.8695761223977928,1.726264024069662,1.4172465894266115,0.985466128521684,0.8878129627136896,0.08261904761904762,1,0.7464762080474933,35,kdd-synthetic-control,SVC_0,RK_C2,kdd-synthetic-control_SVC_0
SVC,0,RK,Corr,0.9875,0.9,0.9875237416904084,0.8984836077833117,0.9849967961908532,0.8796489761805265,1.7290460039450863,1.4395208298202735,0.9875237416904084,0.8984836077833117,0.1455357142857143,1,0.9194827160532172,14,kdd-synthetic-control,SVC_0,RK_Corr,kdd-synthetic-control_SVC_0
SVC,0,RK,Prec,0.9770833333333332,0.875,0.9768636199191756,0.8801365893420678,0.9724906869513116,0.8501498501498501,1.6842279892805534,1.4237180393325657,0.9768636199191756,0.8801365893420678,0.05227987421383649,1,1,53,kdd-synthetic-control,SVC_0,RK_Prec,kdd-synthetic-control_SVC_0
XGB,2,RK,C2,0.904,0.848,0.6887922102987852,0.6405309250136836,0.8230062390300742,0.7135102533172497,0.542528575908496,0.3611171684656917,0.6887922102987852,0.6405309250136836,0.12318181818181818,0.8314122053227199,0.4909459101765496,44,balance-scale,XGB_2,RK_C2,balance-scale_XGB_2
XGB,2,RK,Corr,0.86,0.832,0.6425111028033942,0.5871647509578545,0.7416344940096111,0.6813160131115698,0.40974747483021257,0.31629319002157136,0.6425111028033942,0.5871647509578545,0.3078095238095238,0.6657242713041708,0.40003130347422894,21,balance-scale,XGB_2,RK_Corr,balance-scale_XGB_2
XGB,2,RK,Prec,0.9,0.904,0.6639820027231337,0.6803776683087027,0.8146418138410665,0.8194076571153384,0.5257729127203017,0.5209741176621554,0.6639820027231337,0.6803776683087027,0.10046666666666666,0.8721830444678311,0.8721830444678311,60,balance-scale,XGB_2,RK_Prec,balance-scale_XGB_2
RF,2,RK,C2,0.904,0.84,0.6887922102987852,0.5987179487179487,0.8230062390300742,0.6982498491249245,0.542528575908496,0.3548881998762678,0.6887922102987852,0.5987179487179487,0.12318181818181818,0.8314122053227199,0.4909459101765496,44,balance-scale,RF_2,RK_C2,balance-scale_RF_2
RF,2,RK,Corr,0.86,0.824,0.6425111028033942,0.5858974358974359,0.7416344940096111,0.6657754010695187,0.40974747483021257,0.3013551923888746,0.6425111028033942,0.5858974358974359,0.3078095238095238,0.6657242713041708,0.40003130347422894,21,balance-scale,RF_2,RK_Corr,balance-scale_RF_2
RF,2,RK,Prec,0.9,0.856,0.6639820027231337,0.6141025641025641,0.8146418138410665,0.7317916318989153,0.5257729127203017,0.4175680685062069,0.6639820027231337,0.6141025641025641,0.10046666666666666,0.8721830444678311,0.8721830444678311,60,balance-scale,RF_2,RK_Prec,balance-scale_RF_2
SVC,1,RK,C2,0.884,0.752,0.7310150112233446,0.6009876543209877,0.7991411552846654,0.5788958921973484,0.6113704561818326,0.3893521409023733,0.7310150112233446,0.6009876543209877,0.0989642857142857,0.8207823451870586,0.47025309119270486,56,balance-scale,SVC_1,RK_C2,balance-scale_SVC_1
SVC,1,RK,Corr,0.834,0.728,0.641179152637486,0.5844444444444444,0.7062238079057651,0.5357728017476788,0.45370696670988786,0.2792703184323715,0.641179152637486,0.5844444444444444,0.2262,0.6192731795708932,0.3518544374261223,30,balance-scale,SVC_1,RK_Corr,balance-scale_SVC_1
SVC,1,RK,Prec,0.89,0.76,0.7356165824915825,0.6168606701940035,0.8085064898891426,0.5966440787350759,0.6131398033894992,0.42432598543871686,0.7356165824915825,0.6168606701940035,0.07340845070422533,0.860913100497992,0.860913100497992,71,balance-scale,SVC_1,RK_Prec,balance-scale_SVC_1
XGB,0,RK,C2,0.9688644688644688,0.9562043795620438,0.9817610114126052,0.9499484004127966,0.9658106435643564,0.9520671759286256,2.5271321868801055,2.5066546735925512,0.9817610114126052,0.9499484004127966,0.04436813186813186,0.9778404315695316,0.8043071259971789,40,soybean,XGB_0,RK_C2,soybean_XGB_0
XGB,0,RK,Corr,0.957875457875458,0.948905109489051,0.975064059571102,0.9688338493292052,0.9537161938037636,0.9440881529850746,2.4915410230933244,2.5186937542612093,0.975064059571102,0.9688338493292052,0.06153846153846151,0.9587961251672934,0.9153876399779852,25,soybean,XGB_0,RK_Corr,soybean_XGB_0
XGB,0,RK,Prec,0.9853479853479854,0.9343065693430656,0.9861834072360388,0.9222910216718266,0.9838984956447052,0.9279284545241993,2.5843996979654102,2.440283021212987,0.9861834072360388,0.9222910216718266,0.03561686540409943,0.9785795782456164,0.9785795782456164,47,soybean,XGB_0,RK_Prec,soybean_XGB_0
RF,1,RK,C2,0.9597069597069596,0.927007299270073,0.9785310567194982,0.9389306599832916,0.9557661927330174,0.9200606838604272,2.4983261404401342,2.428505695020291,0.9785310567194982,0.9389306599832916,0.04476011793084963,0.9701460104816892,0.7895296296192416,41,soybean,RF_1,RK_C2,soybean_RF_1
RF,1,RK,Corr,0.9487179487179488,0.9343065693430656,0.9722405583218394,0.9640768588137008,0.9436835552150176,0.9280504172258855,2.4747289452781005,2.4627384192517505,0.9722405583218394,0.9640768588137008,0.06153846153846151,0.9579816455292842,0.913764468255917,25,soybean,RF_1,RK_Corr,soybean_RF_1
RF,1,RK,Prec,0.9816849816849816,0.8832116788321168,0.9845672821804572,0.8804511278195488,0.9798710419500758,0.8717228464419475,2.561299428383495,2.2856777133298065,0.9845672821804572,0.8804511278195488,0.02978021978021976,0.9787841269841268,0.9787841269841268,50,soybean,RF_1,RK_Prec,soybean_RF_1
SVC,0,RK,C2,0.9835164835164836,0.9635036496350364,0.9809780132148552,0.9765749601275916,0.9817860359609034,0.9598146192655168,2.5499995427797773,2.5031237934680703,0.9809780132148552,0.9765749601275916,0.04605688429217839,0.9886856177877849,0.8353646536320456,34,soybean,SVC_0,RK_C2,soybean_SVC_0
SVC,0,RK,Corr,0.9761904761904762,0.978102189781022,0.9816128239258431,0.9831539074960128,0.9737031246526724,0.9759099701072622,2.5214043650388884,2.5567150397994487,0.9816128239258431,0.9831539074960128,0.05523809523809521,0.9891447368421052,0.9214639194232428,25,soybean,SVC_0,RK_Corr,soybean_SVC_0
SVC,0,RK,Prec,0.9798534798534798,0.9343065693430656,0.9796622237411712,0.9388556618819778,0.9777360127222784,0.9274278987639788,2.535325451938803,2.38552209062913,0.9796622237411712,0.9388556618819778,0.03428741800834822,1,1,43,soybean,SVC_0,RK_Prec,soybean_SVC_0
XGB,2,RK,C2,0.9166666666666666,0.8623188405797102,0.9160136628491058,0.8647008728975942,0.8302923366884549,0.7232425585813806,0.398385327436401,0.2932469109421668,0.9160136628491058,0.8647008728975942,0.2583612040133779,0.9268162797522096,0.6286467593748987,26,credit-a,XGB_2,RK_C2,credit-a_XGB_2
XGB,2,RK,Corr,0.8532608695652174,0.8260869565217391,0.8348603576451679,0.8117947626144347,0.691019155817232,0.6388222464558342,0.2817240027647768,0.23313875133603537,0.8348603576451679,0.8117947626144347,0.4796195652173913,0.7873064801858514,0.5410262306729168,8,credit-a,XGB_2,RK_Corr,credit-a_XGB_2
XGB,2,RK,Prec,0.9818840579710144,0.9057971014492754,0.981514968856741,0.907068341494571,0.963029937713482,0.8099978818047024,0.5927031046308511,0.3790660617119537,0.981514968856741,0.907068341494571,0.08160665760869565,0.989892691333954,0.989892691333954,64,credit-a,XGB_2,RK_Prec,credit-a_XGB_2
RF,2,RK,C2,0.9166666666666666,0.9420289855072465,0.9160136628491058,0.941919191919192,0.8302923366884549,0.8838383838383839,0.398385327436401,0.4709121172436542,0.9160136628491058,0.941919191919192,0.2583612040133779,0.9268162797522096,0.6286467593748987,26,credit-a,RF_2,RK_C2,credit-a_RF_2
RF,2,RK,Corr,0.8532608695652174,0.8333333333333334,0.8348603576451679,0.827020202020202,0.691019155817232,0.6619808306709265,0.2817240027647768,0.27604657370883623,0.8348603576451679,0.827020202020202,0.4796195652173913,0.7873064801858514,0.5410262306729168,8,credit-a,RF_2,RK_Corr,credit-a_RF_2
RF,2,RK,Prec,0.9818840579710144,0.927536231884058,0.981514968856741,0.9267676767676768,0.963029937713482,0.854614412136536,0.5927031046308511,0.43287994725953505,0.981514968856741,0.9267676767676768,0.08160665760869565,0.989892691333954,0.989892691333954,64,credit-a,RF_2,RK_Prec,credit-a_RF_2
SVC,0,RK,C2,1,1,1,1,1,1,0.4534650765650603,0.45056120886630496,1,1,0.5,1,1,2,credit-a,SVC_0,RK_C2,credit-a_SVC_0
SVC,0,RK,Corr,1,1,1,1,1,1,0.4534650765650603,0.45056120886630496,1,1,0.5,1,1,2,credit-a,SVC_0,RK_Corr,credit-a_SVC_0
SVC,0,RK,Prec,1,1,1,1,1,1,0.4534650765650603,0.45056120886630496,1,1,0.5,1,1,2,credit-a,SVC_0,RK_Prec,credit-a_SVC_0
XGB,0,RK,C2,0.97853309481216455,0.9642857142857144,0.9799548475755112,0.9612802685207384,0.9532927627456168,0.916626965221534,0.5520458449737957,0.4691278178408334,0.9799548475755112,0.9612802685207384,0.44695197468006054,0.9800675959385596,0.8941250327676621,13,breast-w,XGB_0,RK_C2,breast-w_XGB_0
XGB,0,RK,Corr,0.9713774597495528,0.9571428571428572,0.9721162745043048,0.9496523615439942,0.9377236836608224,0.8993047230879885,0.5253920854228756,0.44349543439961703,0.9721162745043048,0.9496523615439942,0.4574495272169691,0.9610831168487408,0.892332833300996,7,breast-w,XGB_0,RK_Corr,breast-w_XGB_0
XGB,0,RK,Prec,0.9874776386404294,0.95,0.9845472137308242,0.93802445456725,0.9724694476300366,0.8817567567567568,0.581742837227501,0.4202290031496724,0.9845472137308242,0.93802445456725,0.2622739018087855,0.995818530128875,0.995818530128875,18,breast-w,XGB_0,RK_Prec,breast-w_XGB_0
RF,1,RK,C2,0.9749552772808586,0.9857142857142858,0.977195423623995,0.977777777777778,0.9455135345883926,0.9668639053254438,0.5402694536213686,0.55835326122807,0.977195423623995,0.977777777777778,0.4581097197376267,0.9751258054992032,0.8853375212454289,12,breast-w,RF_1,RK_C2,breast-w_RF_1
RF,1,RK,Corr,0.9713774597495528,0.9857142857142858,0.9732669927475122,0.983625730994152,0.9377297538153058,0.967251461988304,0.5269761941792022,0.5540554221975349,0.9732669927475122,0.983625730994152,0.4856887298747764,0.9479887694821963,0.8799013723918362,8,breast-w,RF_1,RK_Corr,breast-w_RF_1
RF,1,RK,Prec,0.9874776386404294,1,0.986837296902232,1,0.9725332191516394,1,0.5817986984624053,0.6279415887399057,0.986837296902232,1,0.28110261831192057,0.9942859736174608,0.9942859736174608,22,breast-w,RF_1,RK_Prec,breast-w_RF_1
SVC,0,RK,C2,0.9946332737030412,0.9785714285714284,0.9957865168539326,0.9783625730994152,0.9884340839339288,0.9511627906976744,0.6271834729977245,0.5296214269177447,0.9957865168539326,0.9783625730994152,0.4257602862254025,0.9910197257115356,0.9188309601618138,9,breast-w,SVC_0,RK_C2,breast-w_SVC_0
SVC,0,RK,Corr,0.9821109123434704,0.9642857142857144,0.9817208169590969,0.9561403508771932,0.9614062219521962,0.9176470588235294,0.5675371145642171,0.4744718586324961,0.9817208169590969,0.9561403508771932,0.4370900417412045,0.9717457152487018,0.9195241891465096,6,breast-w,SVC_0,RK_Corr,breast-w_SVC_0
SVC,0,RK,Prec,1,0.9642857142857144,1,0.9502923976608186,1,0.9166666666666666,0.655208231779776,0.474815908990756,1,0.9502923976608186,0.3737443236548782,0.9986139986139986,0.9986139986139986,13,breast-w,SVC_0,RK_Prec,breast-w_SVC_0
XGB,0,RK,C2,0.9136807817589576,0.9090909090909092,0.8966863033873342,0.8923758865248227,0.7989124389791756,0.8041424418604651,0.33423981025525185,0.3675877386428774,0.8966863033873342,0.8923758865248227,0.22961408932810687,0.955945937191062,0.6316682894924696,59,diabetes,XGB_0,RK_C2,diabetes_XGB_0
XGB,0,RK,Corr,0.8648208469055375,0.8831168831168831,0.829074619538537,0.8560283687943262,0.6778919691051362,0.743428359866716,0.23077405850097607,0.3209691404866889,0.829074619538537,0.8560283687943262,0.46933862059198417,0.7954888124550397,0.5465043205980714,23,diabetes,XGB_0,RK_Corr,diabetes_XGB_0
XGB,0,RK,Prec,0.99185667752443,0.9025974025974026,0.9912739322533136,0.8870567375886524,0.9811871116394788,0.790798768339069,0.5778840261674235,0.35072574200109796,0.9912739322533136,0.8870567375886524,0.10618892508143316,0.9886635505213216,0.9886635505213216,75,diabetes,XGB_0,RK_Prec,diabetes_XGB_0
RF,2,RK,C2,0.8745928338762216,0.9415584415584416,0.8511643426644655,0.9387755102040816,0.7173281356499694,0.8742058449809402,0.2691374677815912,0.43722142360749455,0.8511643426644655,0.9387755102040816,0.15425262395946435,0.9546513273573288,0.5528313585570978,90,diabetes,RF_2,RK_C2,diabetes_RF_2
RF,2,RK,Corr,0.7899022801302932,0.922077922077922,0.7775221570486928,0.923469387755102,0.5448506510671065,0.8341708542713568,0.1516293646009218,0.39507833368821155,0.7775221570486928,0.923469387755102,0.4588762214983712,0.7368210322823635,0.4509278010726452,28,diabetes,RF_2,RK_Corr,diabetes_RF_2
RF,2,RK,Prec,0.9348534201954396,0.9285714285714286,0.909404891527051,0.917091836734694,0.8506391622170597,0.8438709677419355,0.4145576878354927,0.3982272869496929,0.909404891527051,0.917091836734694,0.06372364135093428,0.9725629344263024,0.9725629344263024,95,diabetes,RF_2,RK_Prec,diabetes_RF_2
SVC,1,RK,C2,0.9511400651465798,0.8896103896103896,0.9376016260162602,0.8656565656565657,0.8752032520325204,0.7525987525987525,0.391535671352763,0.3045175440841613,0.9376016260162602,0.8656565656565657,0.362353173428092,0.9738565168888712,0.7754434141303183,33,diabetes,SVC_1,RK_C2,diabetes_SVC_1
SVC,1,RK,Corr,0.9267100977198696,0.8766233766233766,0.8976829268292683,0.8555555555555556,0.8094824376318729,0.7257731958762887,0.32244945915162154,0.2787604645627056,0.8976829268292683,0.8555555555555556,0.5152843898772237,0.8264502487730864,0.7232600304158049,13,diabetes,SVC_1,RK_Corr,diabetes_SVC_1
SVC,1,RK,Prec,0.993485342019544,0.9025974025974026,0.9897425474254742,0.8676767676767677,0.983295698778464,0.7761194029850746,0.541071081609402,0.34705573458988936,0.9897425474254742,0.8676767676767677,0.2116406651808674,0.9948883385841588,0.9948883385841588,57,diabetes,SVC_1,RK_Prec,diabetes_SVC_1
XGB,0,RK,C2,0.96301775147929,0.8117647058823529,0.9631480890899904,0.7948675303454715,0.950628536705784,0.7483811285846438,1.2051515999166709,0.9722820774243568,0.9631480890899904,0.7948675303454715,0.04181574239713774,0.9739457504674036,0.55812800725435,86,vehicle,XGB_0,RK_C2,vehicle_XGB_0
XGB,0,RK,Corr,0.8476331360946746,0.7941176470588235,0.8491254835103215,0.7790266106442578,0.7967297154484598,0.7242306266221727,0.8889228545027509,0.8246566117458631,0.8491254835103215,0.7790266106442578,0.2547699553194058,0.6825917159928053,0.5211124683535401,49,vehicle,XGB_0,RK_Corr,vehicle_XGB_0
XGB,0,RK,Prec,0.9881656804733728,0.8058823529411765,0.9880422845269026,0.797546101774043,0.9842024239697836,0.7413793103448276,1.3220130586595946,0.8968820551959702,0.9880422845269026,0.797546101774043,0.02826761966137441,0.9852552134359828,0.9852552134359828,101,vehicle,XGB_0,RK_Prec,vehicle_XGB_0
RF,0,RK,C2,0.9733727810650888,0.8588235294117647,0.9739137253651042,0.8411474526385607,0.964479215319944,0.8100027940765577,1.2531853555790071,0.91838030652238,0.9739137253651042,0.8411474526385607,0.03942063853306454,0.9756957075436647,0.5544439824558351,91,vehicle,RF_0,RK_C2,vehicle_RF_0
RF,0,RK,Corr,0.8121301775147929,0.7705882352941177,0.8161510297397825,0.7538759689922481,0.7493964930921446,0.6920861972877578,0.8248422538321406,0.7488214731647507,0.8161510297397825,0.7538759689922481,0.29142011834319526,0.6414046841769268,0.48830927111872535,48,vehicle,RF_0,RK_Corr,vehicle_RF_0
RF,0,RK,Prec,0.9896449704142012,0.8294117647058824,0.989351751413059,0.8271462919205737,0.9861777266274472,0.7729366249078851,1.329064457077514,0.9058772745644992,0.989351751413059,0.8271462919205737,0.02712505689576694,0.9837509951249828,0.9837509951249828,104,vehicle,RF_0,RK_Prec,vehicle_RF_0
SVC,1,RK,C2,0.9186390532544378,0.8235294117647058,0.9201524069708168,0.8086392773892774,0.89155733927561,0.7611576827612045,1.0697764161701615,0.7923112769503242,0.9201524069708168,0.8086392773892774,0.0435404339250493,0.9794325732513144,0.5642814622672383,90,vehicle,SVC_1,RK_C2,vehicle_SVC_1
SVC,1,RK,Corr,0.849112426035503,0.7411764705882353,0.8514629617829885,0.7207556332556333,0.7988740775311378,0.6512332727187952,0.8497211485286676,0.6550615746983772,0.8514629617829885,0.7207556332556333,0.22592791823561056,0.7277974332668193,0.5135630398399326,44,vehicle,SVC_1,RK_Corr,vehicle_SVC_1
SVC,1,RK,Prec,0.9881656804733728,0.8176470588235294,0.987975057700749,0.8120337995337995,0.9842107260788704,0.7557244831741912,1.3228513734764675,0.8203739779637969,0.987975057700749,0.8120337995337995,0.02887515953126811,0.9892102830625848,0.9892102830625848,102,vehicle,SVC_1,RK_Prec,vehicle_SVC_1
XGB,2,RK,C2,0.9843342036553524,0.9375,0.9818024328701088,0.9235209235209236,0.9653207977121988,0.8594436310395315,0.564435912061886,0.4097163520559908,0.9818024328701088,0.9235209235209236,0.06209747606614447,0.9648087729948754,0.5208590598467465,60,tic-tac-toe,XGB_2,RK_C2,tic-tac-toe_XGB_2
XGB,2,RK,Corr,0.7885117493472585,0.7447916666666666,0.7823296802621174,0.7478354978354979,0.5471524599855488,0.4670292318150918,0.1552063519970956,0.11619146244010362,0.7823296802621174,0.7478354978354979,0.17987691160014926,0.8000989918139234,0.25708577607251953,28,tic-tac-toe,XGB_2,RK_Corr,tic-tac-toe_XGB_2
XGB,2,RK,Prec,0.97911227154047,0.9322916666666666,0.974255263058788,0.9123376623376624,0.9535957957548634,0.846039970392302,0.5434628403808643,0.39687131835256967,0.974255263058788,0.9123376623376624,0.06033507397737162,0.972123483830496,0.972123483830496,60,tic-tac-toe,XGB_2,RK_Prec,tic-tac-toe_XGB_2
RF,1,RK,C2,0.9843342036553524,0.9375,0.9818024328701088,0.9235209235209236,0.9653207977121988,0.8594436310395315,0.564435912061886,0.4097163520559908,0.9818024328701088,0.9235209235209236,0.06209747606614447,0.9648087729948754,0.5208590598467465,60,tic-tac-toe,RF_1,RK_C2,tic-tac-toe_RF_1
RF,1,RK,Corr,0.7885117493472585,0.7447916666666666,0.7823296802621174,0.7478354978354979,0.5471524599855488,0.4670292318150918,0.1552063519970956,0.11619146244010362,0.7823296802621174,0.7478354978354979,0.17987691160014926,0.8000989918139234,0.25708577607251953,28,tic-tac-toe,RF_1,RK_Corr,tic-tac-toe_RF_1
RF,1,RK,Prec,0.97911227154047,0.9322916666666666,0.974255263058788,0.9123376623376624,0.9535957957548634,0.846039970392302,0.5434628403808643,0.39687131835256967,0.974255263058788,0.9123376623376624,0.06033507397737162,0.972123483830496,0.972123483830496,60,tic-tac-toe,RF_1,RK_Prec,tic-tac-toe_RF_1
SVC,1,RK,C2,0.97911227154047,0.921875,0.9764859368404896,0.9077086722562884,0.9529718736809792,0.8190045248868778,0.5360029401781544,0.35537353016040224,0.9764859368404896,0.9077086722562884,0.06804000531043944,0.9770911903150088,0.5344022486006598,59,tic-tac-toe,SVC_1,RK_C2,tic-tac-toe_SVC_1
SVC,1,RK,Corr,0.7898172323759791,0.7447916666666666,0.791385595334024,0.7472781879614566,0.5518709893096707,0.4565619223659889,0.16172519687207687,0.11131475012114186,0.791385595334024,0.7472781879614566,0.15791842981903303,0.8378462273354369,0.2650305532305421,29,tic-tac-toe,SVC_1,RK_Corr,tic-tac-toe_SVC_1
SVC,1,RK,Prec,0.9986945169712794,0.9322916666666666,0.9990215264187868,0.9197221874608936,0.9970636265362294,0.8431372549019608,0.6276700465279785,0.3809932937328038,0.9990215264187868,0.9197221874608936,0.05879336068631109,0.9814709140143671,0.9814709140143671,56,tic-tac-toe,SVC_1,RK_Prec,tic-tac-toe_SVC_1
XGB,0,RK,C2,0.9713541666666666,0.9430051813471504,0.9713723776223776,0.9451749619647902,0.9423328964613368,0.8852990437084661,0.5600901901878546,0.476731691478101,0.9713723776223776,0.9451749619647902,0.3602430555555555,0.962361122468846,0.7846972416536173,9,mammographic-masses,XGB_0,RK_C2,mammographic-masses_XGB_0
XGB,0,RK,Corr,0.9036458333333334,0.8652849740932642,0.9101835664335663,0.875081504020865,0.8087031451960361,0.7334254143646409,0.4152780646263827,0.3323248123156483,0.9101835664335663,0.875081504020865,0.6020833333333333,0.8008941359795537,0.6556650851083944,5,mammographic-masses,XGB_0,RK_Corr,mammographic-masses_XGB_0
XGB,0,RK,Prec,0.98828125,0.9792746113989638,0.988090034965035,0.977885242338622,0.9763934426229508,0.95795664960244,0.6259167182705638,0.5879340658891368,0.988090034965035,0.977885242338622,0.17675781250000003,0.9934468108280452,0.9934468108280452,32,mammographic-masses,XGB_0,RK_Prec,mammographic-masses_XGB_0
RF,2,RK,C2,0.875,0.8963730569948186,0.8726282248946449,0.894880174291939,0.7468531756659319,0.789760348583878,0.3113210136828574,0.35387705223460025,0.8726282248946449,0.894880174291939,0.3994984567901234,0.8741938344215471,0.6161447438433248,27,mammographic-masses,RF_2,RK_C2,mammographic-masses_RF_2
RF,2,RK,Corr,0.8580729166666666,0.8601036269430051,0.8607359440846952,0.8649782135076253,0.7155439569401403,0.7200343845699242,0.28732153225253865,0.2954446277632384,0.8607359440846952,0.8649782135076253,0.5162760416666666,0.7873674434674549,0.5935485057438833,12,mammographic-masses,RF_2,RK_Corr,mammographic-masses_RF_2
RF,2,RK,Prec,0.8841145833333334,0.8911917098445595,0.8798334875115634,0.8889978213507626,0.7643652008439168,0.7789714784315864,0.32997447201961533,0.3424273347113084,0.8798334875115634,0.8889978213507626,0.156156994047619,0.9569332007844102,0.9569332007844102,84,mammographic-masses,RF_2,RK_Prec,mammographic-masses_RF_2
SVC,1,RK,C2,1,1,1,1,1,1,0.6567294596789176,0.670409959717846,1,1,0.5,1,1,2,mammographic-masses,SVC_1,RK_C2,mammographic-masses_SVC_1
SVC,1,RK,Corr,1,1,1,1,1,1,0.6567294596789176,0.670409959717846,1,1,0.5,1,1,2,mammographic-masses,SVC_1,RK_Corr,mammographic-masses_SVC_1
SVC,1,RK,Prec,1,1,1,1,1,1,0.6567294596789176,0.670409959717846,1,1,0.5,1,1,2,mammographic-masses,SVC_1,RK_Prec,mammographic-masses_SVC_1
XGB,0,RK,C2,0.9585308056872038,0.909952606635071,0.9495158971081642,0.8781612769485904,0.9049830809412917,0.7844971241197656,0.45925372509933726,0.32238478313170105,0.9495158971081642,0.8781612769485904,0.23995625227852715,0.9793566621191364,0.686855631747427,65,qsar-biodeg,XGB_0,RK_C2,qsar-biodeg_XGB_0
XGB,0,RK,Corr,0.914691943127962,0.8815165876777251,0.8878798530116632,0.8413660862354893,0.7998036515539859,0.7140766437205268,0.3396633512287182,0.26117820783436857,0.8878798530116632,0.8413660862354893,0.4345633039945836,0.90563357978043,0.6350152470188857,35,qsar-biodeg,XGB_0,RK_Corr,qsar-biodeg_XGB_0
XGB,0,RK,Prec,0.9988151658767772,0.919431279620853,0.9981818181818182,0.8970771144278606,0.9973005475666548,0.810322034794564,0.6224833269056658,0.3455560289841481,0.9981818181818182,0.8970771144278606,0.0690536137440758,0.9992578125,0.9992578125,96,qsar-biodeg,XGB_0,RK_Prec,qsar-biodeg_XGB_0
RF,2,RK,C2,0.9312796208530806,0.933649289099526,0.9214637667514044,0.93521421107628,0.845836981236655,0.8493932905067809,0.391952701086391,0.3978771497668449,0.9214637667514044,0.93521421107628,0.17245017204440688,0.96661867797585,0.6068462814078389,73,qsar-biodeg,RF_2,RK_C2,qsar-biodeg_RF_2
RF,2,RK,Corr,0.8720379146919431,0.8862559241706162,0.8457835106549917,0.8553291536050156,0.7073828433481217,0.7287045965927355,0.25875627295072345,0.269518850179838,0.8457835106549917,0.8553291536050156,0.4822274881516588,0.8457343971319448,0.54233134813975,34,qsar-biodeg,RF_2,RK_Corr,qsar-biodeg_RF_2
RF,2,RK,Prec,0.9964454976303316,0.9289099526066352,0.9947368421052633,0.9235109717868338,0.9920329255399486,0.8366620219848273,0.6173377799622894,0.37689566704718513,0.9947368421052633,0.9235109717868338,0.04778468629070827,0.9963796448081104,0.9963796448081104,109,qsar-biodeg,RF_2,RK_Prec,qsar-biodeg_RF_2
SVC,1,RK,C2,0.9609004739336492,0.924170616113744,0.9484089966832504,0.9144883485309016,0.9086016565375478,0.8289766970618034,0.4599261654713656,0.3719065108202017,0.9484089966832504,0.9144883485309016,0.21155478531513053,0.9840439368369508,0.6585064651313671,67,qsar-biodeg,SVC_1,RK_C2,qsar-biodeg_SVC_1
SVC,1,RK,Corr,0.919431279620853,0.8815165876777251,0.8900938018242123,0.8430091185410334,0.8075798621355578,0.7196683849710368,0.34500721867930345,0.27183758964959326,0.8900938018242123,0.8430091185410334,0.4619706466901085,0.90512209752956,0.6196128869476252,31,qsar-biodeg,SVC_1,RK_Corr,qsar-biodeg_SVC_1
SVC,1,RK,Prec,0.995260663507109,0.9289099526066352,0.9925373134328358,0.903647416413374,0.9890212810239868,0.8343018690120936,0.5966884739965506,0.38054537760431184,0.9925373134328358,0.903647416413374,0.07316350710900471,1,1,80,qsar-biodeg,SVC_1,RK_Prec,qsar-biodeg_SVC_1
XGB,1,RK,C2,0.976452119309262,0.8495297805642633,0.9764475548749856,0.8500774839000644,0.9738307723277192,0.8323515886745352,2.181057386449751,1.7248891827296793,0.9764475548749856,0.8500774839000644,0.03997301399898802,0.9865220941056912,0.6842488804933222,121,semeion,XGB_1,RK_C2,semeion_XGB_1
XGB,1,RK,Corr,0.9317111459968604,0.8495297805642633,0.9316156916105192,0.8495938886422756,0.9241120975742684,0.8322487346348518,1.9802406431430528,1.7499911641270312,0.9316156916105192,0.8495938886422756,0.07448243720565148,0.8714266640506205,0.7022166440723021,64,semeion,XGB_1,RK_Corr,semeion_XGB_1
XGB,1,RK,Prec,0.9803767660910518,0.8244514106583072,0.98030495876988,0.8223211100146584,0.9781907423296122,0.8044423036924324,2.2052556736040727,1.6325227384703016,0.98030495876988,0.8223211100146584,0.02008522090154741,0.998901098901099,0.998901098901099,175,semeion,XGB_1,RK_Prec,semeion_XGB_1
RF,0,RK,C2,0.976452119309262,0.8463949843260188,0.9764475548749856,0.8411525864289098,0.9738307723277192,0.8289244711007016,2.181057386449751,1.714021738660768,0.9764475548749856,0.8411525864289098,0.03997301399898802,0.9865220941056912,0.6842488804933222,121,semeion,RF_0,RK_C2,semeion_RF_0
RF,0,RK,Corr,0.9317111459968604,0.8746081504702194,0.9316156916105192,0.8706571749861041,0.9241120975742684,0.8603159312088802,1.9802406431430528,1.815980620831234,0.9316156916105192,0.8706571749861041,0.07448243720565148,0.8714266640506205,0.7022166440723021,64,semeion,RF_0,RK_Corr,semeion_RF_0
RF,0,RK,Prec,0.9803767660910518,0.8213166144200627,0.98030495876988,0.8139210856083261,0.9781907423296122,0.8009807033481825,2.2052556736040727,1.6265393444055831,0.98030495876988,0.8139210856083261,0.02008522090154741,0.998901098901099,0.998901098901099,175,semeion,RF_0,RK_Prec,semeion_RF_0
SVC,0,RK,C2,0.9748822605965464,0.8432601880877743,0.9748477206498404,0.8415730861334577,0.9720855073059174,0.825578216414238,2.174662085130712,1.6884832887005132,0.9748477206498404,0.8415730861334577,0.0407051282051282,0.9858634393526644,0.6871034119067005,120,semeion,SVC_0,RK_C2,semeion_SVC_0
SVC,0,RK,Corr,0.9285714285714286,0.8557993730407524,0.92846343591393,0.8532136236191963,0.9206243572732364,0.8393650793650793,1.9632652968082405,1.7228857671772468,0.92846343591393,0.8532136236191963,0.07576437168273902,0.8661836844901187,0.7032103038306308,63,semeion,SVC_0,RK_Corr,semeion_SVC_0
SVC,0,RK,Prec,0.9835164835164836,0.7931034482758621,0.9835389488502934,0.789123525560058,0.9816808633014708,0.7697984889403995,2.2206339725468256,1.525197341297133,0.9835389488502934,0.789123525560058,0.0199265020693592,0.9989073426573428,0.9989073426573428,176,semeion,SVC_0,RK_Prec,semeion_SVC_0
XGB,1,RK,C2,0.9609261939218524,0.9450867052023122,0.9006846982207848,0.8267339043934787,0.915275653841307,0.8864535295438452,0.6768003336612458,0.6739176354222871,0.9006846982207848,0.8267339043934787,0.0481548480463097,0.95065802863349,0.5479771176071337,60,car,XGB_1,RK_C2,car_XGB_1
XGB,1,RK,Corr,0.8437047756874095,0.8526011560693642,0.755403033213779,0.7616261398176292,0.6854868278538948,0.7133155705744736,0.45311456942018696,0.5146102550978473,0.755403033213779,0.7616261398176292,0.2872648335745297,0.7497960120084947,0.49802226178391534,10,car,XGB_1,RK_Corr,car_XGB_1
XGB,1,RK,Prec,0.97178002894356,0.9335260115606936,0.8896491102455417,0.8037717601547388,0.9376450471670827,0.8605523235438425,0.7026859192285668,0.6224480801359156,0.8896491102455417,0.8037717601547388,0.03129058592155552,0.9319662307247176,0.9319662307247176,78,car,XGB_1,RK_Prec,car_XGB_1
RF,2,RK,C2,0.9609261939218524,0.9450867052023122,0.9006846982207848,0.8325656364240611,0.915275653841307,0.8863711001642036,0.6768003336612458,0.6839556867999579,0.9006846982207848,0.8325656364240611,0.0481548480463097,0.95065802863349,0.5479771176071337,60,car,RF_2,RK_C2,car_RF_2
RF,2,RK,Corr,0.8437047756874095,0.861271676300578,0.755403033213779,0.7763002658690595,0.6854868278538948,0.7297974457008054,0.45311456942018696,0.5337685519706804,0.755403033213779,0.7763002658690595,0.2872648335745297,0.7497960120084947,0.49802226178391534,10,car,RF_2,RK_Corr,car_RF_2
RF,2,RK,Prec,0.97178002894356,0.9393063583815028,0.8896491102455417,0.8211739780658025,0.9376450471670827,0.8725017108564811,0.7026859192285668,0.6440122670089428,0.8896491102455417,0.8211739780658025,0.03129058592155552,0.9319662307247176,0.9319662307247176,78,car,RF_2,RK_Prec,car_RF_2
SVC,0,RK,C2,0.93849493487699,0.9248554913294798,0.8626828561242029,0.8285747535296313,0.8690294218318488,0.848020002703068,0.6275926398192991,0.6340762699359452,0.8626828561242029,0.8285747535296313,0.04999111381928047,0.9516992050856344,0.549309337264735,57,car,SVC_0,RK_C2,car_SVC_0
SVC,0,RK,Corr,0.8277858176555717,0.8294797687861272,0.7201551168776024,0.7236253650396329,0.6267238639974579,0.6419350312214973,0.3469355591019684,0.39714246113269813,0.7201551168776024,0.7236253650396329,0.2872648335745297,0.7562158713357923,0.5012555314693538,10,car,SVC_0,RK_Corr,car_SVC_0
SVC,0,RK,Prec,0.9681620839363242,0.9277456647398844,0.8929424879064741,0.7766183606701359,0.9301948089219502,0.8512774663869881,0.6980442386348212,0.6315024872162193,0.8929424879064741,0.7766183606701359,0.03170462335288294,0.942241192715352,0.942241192715352,76,car,SVC_0,RK_Prec,car_SVC_0
XGB,1,RK,C2,0.984375,0.8575,0.9844770178814156,0.8531940729188199,0.982635203391692,0.8413791664057771,2.215927367479579,1.7594647630740576,0.9844770178814156,0.8531940729188199,0.02731892523364484,0.9982275728949314,0.6352480014399497,214,cmc,XGB_1,RK_C2,cmc_XGB_1
XGB,1,RK,Corr,0.910625,0.8125,0.9124147651636438,0.7993275133245795,0.9006566732837659,0.791327573974375,1.9905173953859576,1.698683867116274,0.9124147651636438,0.7993275133245795,0.07834183673469386,0.9056314433348348,0.747948366240741,98,cmc,XGB_1,RK_Corr,cmc_XGB_1
XGB,1,RK,Prec,0.989375,0.8325,0.989308255444804,0.829950171269488,0.988191517949978,0.8137453175711833,2.2456448985895228,1.703502239767692,0.989308255444804,0.829950171269488,0.01706074297188754,0.999330655957162,0.999330655957162,249,cmc,XGB_1,RK_Prec,cmc_XGB_1
RF,2,RK,C2,0.984375,0.845,0.9844770178814156,0.8385320024782216,0.982635203391692,0.8272499303427139,2.215927367479579,1.7028521464033606,0.9844770178814156,0.8385320024782216,0.02731892523364484,0.9982275728949314,0.6352480014399497,214,cmc,RF_2,RK_C2,cmc_RF_2
RF,2,RK,Corr,0.910625,0.8275,0.9124147651636438,0.8033879199881826,0.9006566732837659,0.8074669345387577,1.9905173953859576,1.7017517485258455,0.9124147651636438,0.8033879199881826,0.07834183673469386,0.9056314433348348,0.747948366240741,98,cmc,RF_2,RK_Corr,cmc_RF_2
RF,2,RK,Prec,0.989375,0.83,0.989308255444804,0.827782840990994,0.988191517949978,0.8107259910790706,2.2456448985895228,1.691659027765954,0.989308255444804,0.827782840990994,0.01706074297188754,0.999330655957162,0.999330655957162,249,cmc,RF_2,RK_Prec,cmc_RF_2
SVC,0,RK,C2,0.984375,0.8825,0.9843982013225248,0.877712579995956,0.982622506981408,0.8688057837109819,2.211947122798902,1.8138212020247173,0.9843982013225248,0.877712579995956,0.03662371134020617,0.9983960659812204,0.6804887185679007,194,cmc,SVC_0,RK_C2,cmc_SVC_0
SVC,0,RK,Corr,0.969375,0.8725,0.9694509879412928,0.8609189993432613,0.9659393146329744,0.8575150342592528,2.128119070011134,1.77649242322618,0.9694509879412928,0.8609189993432613,0.06872282608695653,0.966332965618127,0.7761658218532834,92,cmc,SVC_0,RK_Corr,cmc_SVC_0
SVC,0,RK,Prec,0.989375,0.8575,0.9890352093210836,0.8546056256181418,0.9881820879556792,0.8407865702075361,2.2429730091246736,1.7529092646875828,0.9890352093210836,0.8546056256181418,0.02255274261603375,1,1,237,cmc,SVC_0,RK_Prec,cmc_SVC_0
XGB,0,RK,C2,0.9977272727272728,0.9977324263038548,0.9907834101382488,0.9931506849315068,0.9894033036405072,0.9917466734040762,0.3576297425149626,0.4330641478849704,0.9907834101382488,0.9931506849315068,0.38715909090909095,0.9993635640413684,0.8049722458568829,5,titanic,XGB_0,RK_C2,titanic_XGB_0
XGB,0,RK,Corr,0.9926136363636364,0.9931972789115646,0.9700460829493088,0.9794520547945204,0.9649307812097654,0.9749635713339516,0.33074132175712245,0.4091839512627503,0.9700460829493088,0.9794520547945204,0.4421875,0.8457401896850338,0.6310923402208192,4,titanic,XGB_0,RK_Corr,titanic_XGB_0
XGB,0,RK,Prec,0.9977272727272728,0.9977324263038548,0.9907834101382488,0.9931506849315068,0.9894033036405072,0.9917466734040762,0.3576297425149626,0.4330641478849704,0.9907834101382488,0.9931506849315068,0.3053977272727273,1,1,4,titanic,XGB_0,RK_Prec,titanic_XGB_0
RF,0,RK,C2,0.9977272727272728,0.9977324263038548,0.9907834101382488,0.9931506849315068,0.9894033036405072,0.9917466734040762,0.3576297425149626,0.4330641478849704,0.9907834101382488,0.9931506849315068,0.38715909090909095,0.9993635640413684,0.8049722458568829,5,titanic,RF_0,RK_C2,titanic_RF_0
RF,0,RK,Corr,0.9926136363636364,0.9931972789115646,0.9700460829493088,0.9794520547945204,0.9649307812097654,0.9749635713339516,0.33074132175712245,0.4091839512627503,0.9700460829493088,0.9794520547945204,0.4421875,0.8457401896850338,0.6310923402208192,4,titanic,RF_0,RK_Corr,titanic_RF_0
RF,0,RK,Prec,0.9977272727272728,0.9977324263038548,0.9907834101382488,0.9931506849315068,0.9894033036405072,0.9917466734040762,0.3576297425149626,0.4330641478849704,0.9907834101382488,0.9931506849315068,0.3053977272727273,1,1,4,titanic,RF_0,RK_Prec,titanic_RF_0
SVC,1,RK,C2,1,1,1,1,1,1,0.5074102275122094,0.5591996853260961,1,1,0.5,1,1,2,titanic,SVC_1,RK_C2,titanic_SVC_1
SVC,1,RK,Corr,1,1,1,1,1,1,0.5074102275122094,0.5591996853260961,1,1,0.5,1,1,2,titanic,SVC_1,RK_Corr,titanic_SVC_1
SVC,1,RK,Prec,1,1,1,1,1,1,0.5074102275122094,0.5591996853260961,1,1,0.5,1,1,2,titanic,SVC_1,RK_Prec,titanic_SVC_1
XGB,1,RK,C2,0.9734848484848484,0.9588744588744588,0.9727578154285512,0.9628697574685496,0.969059050292711,0.9519253413366486,1.818036830801808,1.7719041217692515,0.9727578154285512,0.9628697574685496,0.06912707545618937,0.9744641475940828,0.713020819391943,79,segment,XGB_1,RK_C2,segment_XGB_1
XGB,1,RK,Corr,0.9453463203463204,0.9177489177489178,0.9441247381259216,0.9258801523081076,0.9362312304617436,0.9037927236260214,1.7420347014907445,1.6930329323562725,0.9441247381259216,0.9258801523081076,0.11475820927040438,0.9131156859018446,0.7915101956573297,41,segment,XGB_1,RK_Corr,segment_XGB_1
XGB,1,RK,Prec,0.9967532467532468,0.9523809523809524,0.9966969687503254,0.9562044455400798,0.9962114456164088,0.9443742098609356,1.9277118472747088,1.7639751246133368,0.9966969687503254,0.9562044455400798,0.03320693301609332,0.9996183206106868,0.9996183206106868,131,segment,XGB_1,RK_Prec,segment_XGB_1
RF,0,RK,C2,0.9734848484848484,0.9632034632034632,0.9727578154285512,0.9663025804171086,0.969059050292711,0.9569551849436316,1.818036830801808,1.7733790474673627,0.9727578154285512,0.9663025804171086,0.06912707545618937,0.9744641475940828,0.713020819391943,79,segment,RF_0,RK_C2,segment_RF_0
RF,0,RK,Corr,0.9453463203463204,0.922077922077922,0.9441247381259216,0.9270004544765944,0.9362312304617436,0.9087292223435606,1.7420347014907445,1.6930819382832636,0.9441247381259216,0.9270004544765944,0.11475820927040438,0.9131156859018446,0.7915101956573297,41,segment,RF_0,RK_Corr,segment_RF_0
RF,0,RK,Prec,0.9967532467532468,0.9588744588744588,0.9966969687503254,0.9620687987200238,0.9962114456164088,0.9519319227230912,1.9277118472747088,1.7867075498073917,0.9966969687503254,0.9620687987200238,0.03320693301609332,0.9996183206106868,0.9996183206106868,131,segment,RF_0,RK_Prec,segment_RF_0
SVC,1,RK,C2,0.9713203463203464,0.9437229437229436,0.9711582442829648,0.9467518843712714,0.9665350537316982,0.9342147058501374,1.8147090310578615,1.701190529755479,0.9711582442829648,0.9467518843712714,0.07096964217217379,0.9775411948937076,0.7198088523802901,79,segment,SVC_1,RK_C2,segment_SVC_1
SVC,1,RK,Corr,0.95995670995671,0.9545454545454546,0.9597524174984564,0.9551449405904144,0.9532789338391549,0.9468412689715632,1.7636717718110817,1.738767533140846,0.9597524174984564,0.9551449405904144,0.11786698150334513,0.9128872376570344,0.7921218033605857,44,segment,SVC_1,RK_Corr,segment_SVC_1
SVC,1,RK,Prec,0.9967532467532468,0.9329004329004328,0.9966429342332928,0.9366993282317588,0.9962110494654872,0.9215894532832568,1.9259011768947307,1.678617430135604,0.9966429342332928,0.9366993282317588,0.0336951605608322,0.9991047711296028,0.9991047711296028,134,segment,SVC_1,RK_Prec,segment_SVC_1
XGB,2,RK,C2,0.9564586357039188,0.9593810444874274,0.7332100070472163,0.7758250825082509,0.5615560834888851,0.38112067491307067,0.0697096619039034,0.02890445763394162,0.7332100070472163,0.7758250825082509,0.3042808763563479,0.931749466247332,0.512560240389241,175,seismic-bumps,XGB_2,RK_C2,seismic-bumps_XGB_2
XGB,2,RK,Corr,0.91485244315433,0.9245647969052224,0.6933403805496828,0.8393564356435643,0.351903713363405,0.28976011835570115,0.03535013785426466,0.03159308423801509,0.6933403805496828,0.8393564356435643,0.6081687207366773,0.7577881983050417,0.2559317744755954,59,seismic-bumps,XGB_2,RK_Corr,seismic-bumps_XGB_2
XGB,2,RK,Prec,0.9777455249153364,0.9516441005802708,0.8539934225980738,0.6498349834983498,0.7918292282430213,0.21936341124599867,0.1331514355433027,0.01129575120850911,0.8539934225980738,0.6498349834983498,0.04726836173377052,0.946525158533002,0.946525158533002,189,seismic-bumps,XGB_2,RK_Prec,seismic-bumps_XGB_2
RF,0,RK,C2,0.9540396710208032,0.9709864603481624,0.7128744819649953,0.9854368932038836,0.5272744343254154,0.20502306509482315,0.06274750542209158,0.01343972620234169,0.7128744819649953,0.9854368932038836,0.2803357463619068,0.927746103923514,0.5023488269415689,163,seismic-bumps,RF_0,RK_C2,seismic-bumps_RF_0
RF,0,RK,Corr,0.9158200290275762,0.9187620889748548,0.6924504902380045,0.9592233009708736,0.3550678898556131,0.08014911463187335,0.03570087012999126,0.00961313801650136,0.6924504902380045,0.9592233009708736,0.6071355358211771,0.7575223121990193,0.2541510150207706,59,seismic-bumps,RF_0,RK_Corr,seismic-bumps_RF_0
RF,0,RK,Prec,0.9641993226898888,0.9709864603481624,0.7358079790997659,0.487378640776699,0.6133303672095011,-0.00675061664286635,0.08463069087145396,9.87103603707004e-5,0.7358079790997659,0.487378640776699,0.0624651110863012,0.9435546223525888,0.9435546223525888,182,seismic-bumps,RF_0,RK_Prec,seismic-bumps_RF_0
SVC,0,RK,C2,1,1,1,1,NA,NA,0,0,1,1,NA,NA,NA,0,seismic-bumps,SVC_0,RK_C2,seismic-bumps_SVC_0
SVC,0,RK,Corr,1,1,1,1,NA,NA,0,0,1,1,NA,NA,NA,0,seismic-bumps,SVC_0,RK_Corr,seismic-bumps_SVC_0
SVC,0,RK,Prec,1,1,1,1,NA,NA,0,0,1,1,NA,NA,NA,0,seismic-bumps,SVC_0,RK_Prec,seismic-bumps_SVC_0
XGB,2,RK,C2,1,0.7384615384615385,1,0.7402407070213617,1,0.47859681200878834,0.6930431643794752,0.122789524715998,1,0.7402407070213617,0.01668641172581001,1,0.5166293311570377,349,madelon,XGB_2,RK_C2,madelon_XGB_2
XGB,2,RK,Corr,0.9966346153846154,0.7384615384615385,0.996613108311178,0.7405515832482125,0.9932675501465787,0.47891952430775575,0.6708160316608682,0.12415762838082658,0.996613108311178,0.7405515832482125,0.2050841968911916,0.998202870957805,0.5035856194870059,193,madelon,XGB_2,RK_Corr,madelon_XGB_2
XGB,2,RK,Prec,0.9980769230769232,0.6615384615384615,0.9980487804878048,0.6628473301653566,0.9961528324308828,0.32468529094907106,0.6803952893255418,0.05451399309835761,0.9980487804878048,0.6628473301653566,0.0082936040282837,1,1,359,madelon,XGB_2,RK_Prec,madelon_XGB_2
RF,1,RK,C2,1,0.8,1,0.8018238071975248,1,0.6012799150655441,0.6930431643794752,0.20025421965869175,1,0.8018238071975248,0.01668641172581001,1,0.5166293311570377,349,madelon,RF_1,RK_C2,madelon_RF_1
RF,1,RK,Corr,0.9966346153846154,0.8346153846153846,0.996613108311178,0.8367751772734675,0.9932675501465787,0.670493228606375,0.6708160316608682,0.2588338233756619,0.996613108311178,0.8367751772734675,0.2050841968911916,0.998202870957805,0.5035856194870059,193,madelon,RF_1,RK_Corr,madelon_RF_1
RF,1,RK,Prec,0.9980769230769232,0.6730769230769231,0.9980487804878048,0.6743941614483872,0.9961528324308828,0.34770738330308004,0.6803952893255418,0.06270950438864828,0.9980487804878048,0.6743941614483872,0.0082936040282837,1,1,359,madelon,RF_1,RK_Prec,madelon_RF_1
SVC,0,RK,C2,0.9990384615384617,0.7903846153846154,0.9990128331688056,0.7925595238095238,0.9980755299000664,0.581140999113213,0.6858097614797053,0.18205059033381055,0.9990128331688056,0.7925595238095238,0.03451923076923073,1,0.5347060745937652,335,madelon,SVC_0,RK_C2,madelon_SVC_0
SVC,0,RK,Corr,0.9932692307692308,0.7692307692307693,0.9933146508695304,0.7732142857142856,0.9865307281640068,0.5406360424028269,0.6527659909719508,0.1586715865818353,0.9933146508695304,0.7732142857142856,0.24791942970822295,0.9942498392974066,0.5677297277150547,174,madelon,SVC_0,RK_Corr,madelon_SVC_0
SVC,0,RK,Prec,0.9995192307692308,0.7807692307692308,0.9995064165844028,0.7755952380952381,0.9990377889871248,0.555488902219556,0.688976932959102,0.1646340273810016,0.9995064165844028,0.7755952380952381,0.0124311218867093,1,1,349,madelon,SVC_0,RK_Prec,madelon_SVC_0
XGB,0,RK,C2,0.966640502354788,0.957680250783699,0.9678274615356034,0.9573044049967128,0.9466347464029335,0.9310076898429992,0.8808386906398888,0.8303295928910397,0.9678274615356034,0.9573044049967128,0.17621664050235478,0.9594633111961884,0.7105097077774959,35,dna,XGB_0,RK_C2,dna_XGB_0
XGB,0,RK,Corr,0.9532967032967034,0.95141065830721006,0.9497682472161384,0.944707429322814,0.9250693241950524,0.9204271138433808,0.8229374295412439,0.8005069651127411,0.9497682472161384,0.944707429322814,0.3262117346938776,0.8639730775014802,0.6709595137630207,16,dna,XGB_0,RK_Corr,dna_XGB_0
XGB,0,RK,Prec,0.999215070643642,0.9373040752351096,0.9989484752891692,0.9321236028928336,0.9987359669009858,0.8974803959377812,1.028549188930738,0.7498153465510649,0.9989484752891692,0.9321236028928336,0.03989726367664886,1,1,158,dna,XGB_0,RK_Prec,dna_XGB_0
RF,1,RK,C2,0.9474097331240188,0.9529780564263324,0.9443235063944444,0.9547015614828416,0.9153951104245558,0.9222472731704344,0.8040399453512601,0.8005114194308807,0.9443235063944444,0.9547015614828416,0.1719207433493147,0.944700567250938,0.6753079920270177,37,dna,RF_1,RK_C2,dna_RF_1
RF,1,RK,Corr,0.9254317111459968,0.9404388714733544,0.9148767193198925,0.9289289401037252,0.8786992263480153,0.9000630685963733,0.7172020619476905,0.7584405410782491,0.9148767193198925,0.9289289401037252,0.35057561486132915,0.8227265740927656,0.5918388897561159,15,dna,RF_1,RK_Corr,dna_RF_1
RF,1,RK,Prec,1,0.9373040752351096,1,0.937589475507336,1,0.896165191740413,1.0292296914834398,0.7426012060897325,1,0.937589475507336,0.03730008207890731,1,1,197,dna,RF_1,RK_Prec,dna_RF_1
SVC,0,RK,C2,0.9525117739403454,0.9467084639498432,0.9521354246072704,0.937012184783396,0.9237701047113946,0.9129003244354502,0.8273963148924078,0.7869255375032804,0.9521354246072704,0.937012184783396,0.17768042768042766,0.94652360170976,0.6930557739392325,37,dna,SVC_0,RK_C2,dna_SVC_0
SVC,0,RK,Corr,0.9419152276295132,0.9435736677115988,0.935588612660399,0.9266178911075236,0.9060847519465852,0.9069616715141008,0.7738323571352073,0.7710373259482791,0.935588612660399,0.9266178911075236,0.3353120094191523,0.8442342678475231,0.6231071104750777,16,dna,SVC_0,RK_Corr,dna_SVC_0
SVC,0,RK,Prec,0.999607535321821,0.9357366771159876,0.9994597514856832,0.923030146920761,0.9993642397325216,0.8942807835783194,1.026022289799125,0.74217078357766,0.9994597514856832,0.923030146920761,0.03886620411416858,0.9999368128396312,0.9999368128396312,193,dna,SVC_0,RK_Prec,dna_SVC_0
XGB,1,RK,C2,0.9529780564263324,0.9545454545454546,0.9533556869895098,0.9482429911503996,0.9238883735911744,0.928114072577512,0.8179825199462407,0.8456537833202753,0.9533556869895098,0.9482429911503996,0.15886699507389165,0.963234229198879,0.6882698610319409,42,splice,XGB_1,RK_C2,splice_XGB_1
XGB,1,RK,Corr,0.9329937304075236,0.9545454545454546,0.9307602146046424,0.9505572328045776,0.8915337885650557,0.9282105802286148,0.7528531706471058,0.8499055016833097,0.9307602146046424,0.9505572328045776,0.3244024294670846,0.8387665052020442,0.6373171698134281,16,splice,XGB_1,RK_Corr,splice_XGB_1
XGB,1,RK,Prec,0.9976489028213166,0.9467084639498432,0.996669162082696,0.9359014549833602,0.996154547413436,0.9151927437641724,1.0052002614449538,0.8107847526399463,0.996669162082696,0.9359014549833602,0.03928509230233368,1,1,180,splice,XGB_1,RK_Prec,splice_XGB_1
RF,2,RK,C2,0.9533699059561128,0.9545454545454546,0.9529238682009904,0.956013986013986,0.9245271014826276,0.9277449085193212,0.8194940540356734,0.8461648291666285,0.9529238682009904,0.956013986013986,0.16211101766190075,0.9615481538952528,0.6914169169875704,41,splice,RF_2,RK_C2,splice_RF_2
RF,2,RK,Corr,0.9337774294670846,0.9529780564263324,0.931292824853395,0.9558248001998,0.8928348420443993,0.925290698809101,0.7555346319898101,0.8420109172632428,0.931292824853395,0.9558248001998,0.32437793887147326,0.8389445230918439,0.6377352915265307,16,splice,RF_2,RK_Corr,splice_RF_2
RF,2,RK,Prec,0.9980407523510972,0.95141065830721006,0.9972024845974428,0.9474839743589744,0.9967983138455362,0.9222339743715768,1.0084656440999733,0.8159823924070895,0.9972024845974428,0.9474839743589744,0.03935132484544929,1,1,179,splice,RF_2,RK_Prec,splice_RF_2
SVC,0,RK,C2,0.9533699059561128,0.945141065830721,0.9514433598203232,0.9395963360323706,0.9244051555879044,0.9132161706295228,0.8200581128928006,0.8130151745376514,0.9514433598203232,0.9395963360323706,0.1662617554858934,0.962663056938142,0.6976956693688968,40,splice,SVC_0,RK_C2,splice_SVC_0
SVC,0,RK,Corr,0.9302507836990596,0.9090909090909092,0.92382273534106,0.9001031333508385,0.8872611917072984,0.8567851351299051,0.7689869187533716,0.7406062583015212,0.92382273534106,0.9001031333508385,0.3170754195094966,0.8531307776872161,0.6618946910472397,17,splice,SVC_0,RK_Corr,splice_SVC_0
SVC,0,RK,Prec,0.9980407523510972,0.938871473354232,0.9972730972730972,0.9286979783543262,0.9967958899001478,0.902205313031824,1.0074516163518794,0.7758537330968929,0.9972730972730972,0.9286979783543262,0.04928340197102875,1,1,153,splice,SVC_0,RK_Prec,splice_SVC_0
XGB,1,RK,C2,0.9812206572769951,0.965625,0.98079823364357,0.9651948460087996,0.9623472335859926,0.9308284860870932,0.6009964282869933,0.5406980351591574,0.98079823364357,0.9651948460087996,0.121747848200313,0.9835254331367012,0.5919793766127672,32,kr-vs-kp,XGB_1,RK_C2,kr-vs-kp_XGB_1
XGB,1,RK,Corr,0.9428794992175272,0.93125,0.9416433861298088,0.9313324952859836,0.8853011959318033,0.8618524332810047,0.47803832255774104,0.4408086669641382,0.9416433861298088,0.9313324952859836,0.460261569416499,0.8318226961804671,0.5327518793631152,7,kr-vs-kp,XGB_1,RK_Corr,kr-vs-kp_XGB_1
XGB,1,RK,Prec,0.9972613458528952,0.9921875,0.9972728806022784,0.9922611565053424,0.9945134336852848,0.9842903149791846,0.673439624044768,0.6449359737907264,0.9972728806022784,0.9922611565053424,0.0492429048767077,0.9958204032259876,0.9958204032259876,74,kr-vs-kp,XGB_1,RK_Prec,kr-vs-kp_XGB_1
RF,0,RK,C2,0.9737871674491392,0.9734375,0.9731042146143672,0.9726131366845884,0.9474232957057384,0.946644696835952,0.5753172630878174,0.5720887709688556,0.9731042146143672,0.9726131366845884,0.12799355052876177,0.9808417837844784,0.5913315504418466,33,kr-vs-kp,RF_0,RK_C2,kr-vs-kp_RF_0
RF,0,RK,Corr,0.942488262910798,0.946875,0.9412862585799936,0.9465581572994096,0.8845366679327524,0.893413795468127,0.4771513284949091,0.4841196051190286,0.9412862585799936,0.9465581572994096,0.45998211491169233,0.8319784678008902,0.532713809751194,7,kr-vs-kp,RF_0,RK_Corr,kr-vs-kp_RF_0
RF,0,RK,Prec,0.9960876369327074,0.978125,0.9960501213295287,0.9772306607515352,0.9921623028846772,0.9560530110554144,0.6668072606980505,0.5915317894556418,0.9960501213295287,0.9772306607515352,0.05365224379308887,0.9916233269557684,0.9916233269557684,74,kr-vs-kp,RF_0,RK_Prec,kr-vs-kp_RF_0
SVC,1,RK,C2,0.9561815336463224,0.9625,0.9561177507836992,0.9632343601918888,0.9123516905562032,0.9250768255207062,0.5343623516834419,0.5514719079807374,0.9561177507836992,0.9632343601918888,0.1506259780907668,0.9704076510827516,0.5981475292577916,25,kr-vs-kp,SVC_1,RK_C2,kr-vs-kp_SVC_1
SVC,1,RK,Corr,0.942488262910798,0.9546875,0.9424128134796238,0.9555207081513616,0.8849589169607002,0.9094863741880108,0.4932032529816891,0.5270418972676205,0.9424128134796238,0.9555207081513616,0.4266431924882629,0.8606969149393071,0.5625520423450061,10,kr-vs-kp,SVC_1,RK_Corr,kr-vs-kp_SVC_1
SVC,1,RK,Prec,0.9984350547730828,0.9953125,0.9984326018808778,0.995344451935008,0.9968700865501888,0.9906211532073702,0.6825514617122762,0.6633899807156467,0.9984326018808778,0.995344451935008,0.06895539906103286,0.9979356839384858,0.9979356839384858,64,kr-vs-kp,SVC_1,RK_Prec,kr-vs-kp_SVC_1
XGB,1,RK,C2,0.9857917850684578,0.9803719008264464,0.8813984824908965,0.8614457831325302,0.8427762594034796,0.7978723404255319,0.1327050568967083,0.12505162960362864,0.8813984824908965,0.8614457831325302,0.2225296747956655,0.9724447579012748,0.5832649418659276,97,wilt,XGB_1,RK_C2,wilt_XGB_1
XGB,1,RK,Corr,0.9542753810384912,0.9597107438016528,0.8693928894164702,0.8761226725082147,0.6173301066578945,0.6667961165048544,0.091407503026446,0.10409440746322483,0.8693928894164702,0.8761226725082147,0.4253970199965848,0.8984258380260318,0.29197591415915847,59,wilt,XGB_1,RK_Corr,wilt_XGB_1
XGB,1,RK,Prec,0.9950917075691036,0.9907024793388428,0.9557460017003802,0.9181818181818182,0.9488271126062348,0.9060275272899858,0.17539669362132948,0.16582816154213492,0.9557460017003802,0.9181818181818182,0.11031832950687848,0.988296900213632,0.988296900213632,142,wilt,XGB_1,RK_Prec,wilt_XGB_1
RF,2,RK,C2,0.9857917850684578,0.984504132231405,0.8813984824908965,0.8899758376633096,0.8427762594034796,0.8340040241448692,0.1327050568967083,0.130856162871191,0.8813984824908965,0.8899758376633096,0.2225296747956655,0.9724447579012748,0.5832649418659276,97,wilt,RF_2,RK_C2,wilt_RF_2
RF,2,RK,Corr,0.9542753810384912,0.9638429752066116,0.8693928894164702,0.9068467081489084,0.6173301066578945,0.6919663963341456,0.091407503026446,0.11088889193539413,0.8693928894164702,0.9068467081489084,0.4253970199965848,0.8984258380260318,0.29197591415915847,59,wilt,RF_2,RK_Corr,wilt_RF_2
RF,2,RK,Prec,0.9950917075691036,0.9948347107438016,0.9557460017003802,0.9509803921568628,0.9488271126062348,0.9457423433926728,0.17539669362132948,0.17425004820018145,0.9557460017003802,0.9509803921568628,0.11031832950687848,0.988296900213632,0.988296900213632,142,wilt,RF_2,RK_Prec,wilt_RF_2
SVC,1,RK,C2,0.9845001291655904,0.9710743801652892,0.8366027958659801,0.7727955275255851,0.783868992561133,0.635395087303936,0.09994098534390744,0.07281742761583732,0.8366027958659801,0.7727955275255851,0.24800444590132617,0.9795818255734162,0.5984169905770308,119,wilt,SVC_1,RK_C2,wilt_SVC_1
SVC,1,RK,Corr,0.978041849651253,0.9741735537190084,0.869931973441511,0.8551874696791184,0.7377808096690412,0.7176196032672113,0.09518196118641348,0.09639256130503258,0.869931973441511,0.8551874696791184,0.27053236094827415,0.7470406125516236,0.34578116612172766,26,wilt,SVC_1,RK_Corr,wilt_SVC_1
SVC,1,RK,Prec,0.997933350555412,0.9762396694214877,0.981978396452901,0.7957007877653799,0.9749681524543626,0.6969399978220625,0.16509769733126467,0.085857635673889,0.981978396452901,0.7957007877653799,0.11717929120884274,0.989818976902782,0.989818976902782,193,wilt,SVC_1,RK_Prec,wilt_SVC_1
XGB,2,RK,C2,0.95425,0.946,0.8305525212067268,0.8094874868330246,0.7700340550661623,0.7162792652683788,0.21040113671431707,0.16919398213380157,0.8305525212067268,0.8094874868330246,0.15111303191489356,0.9786383798856256,0.5501675974978208,188,churn,XGB_2,RK_C2,churn_XGB_2
XGB,2,RK,Corr,0.91125,0.914,0.7188021739423608,0.7164650757328103,0.5332693496009782,0.5257841104592175,0.09947215442736994,0.09328934637487538,0.7188021739423608,0.7164650757328103,0.41893478260869554,0.7586721863574029,0.38247085830061345,69,churn,XGB_2,RK_Corr,churn_XGB_2
XGB,2,RK,Prec,1,0.955,1,0.8553902873124841,1,0.7767281243177804,0.3934536342603935,0.1981810106141661,1,0.8553902873124841,0.02451233183856505,0.9955198396930812,0.9955198396930812,446,churn,XGB_2,RK_Prec,churn_XGB_2
RF,0,RK,C2,0.95425,0.952,0.8305525212067268,0.8237590219472677,0.7700340550661623,0.7455902306648575,0.21040113671431707,0.18233599730392988,0.8305525212067268,0.8237590219472677,0.15111303191489356,0.9786383798856256,0.5501675974978208,188,churn,RF_0,RK_C2,churn_RF_0
RF,0,RK,Corr,0.91125,0.918,0.7188021739423608,0.7247385476506113,0.5332693496009782,0.5435518346989668,0.09947215442736994,0.09827549290153176,0.7188021739423608,0.7247385476506113,0.41893478260869554,0.7586721863574029,0.38247085830061345,69,churn,RF_0,RK_Corr,churn_RF_0
RF,0,RK,Prec,1,0.957,1,0.8612277213138901,1,0.7849483876130271,0.3934536342603935,0.20076219536231665,1,0.8612277213138901,0.02451233183856505,0.9955198396930812,0.9955198396930812,446,churn,RF_0,RK_Prec,churn_RF_0
SVC,1,RK,C2,0.99075,0.972,0.8858024691358024,0.722354937375812,0.8663656884875847,0.5872519826645832,0.11729894186048508,0.06285316152967747,0.8858024691358024,0.722354937375812,0.29116032608695663,0.9907558283126904,0.6509754635386595,92,churn,SVC_1,RK_C2,churn_SVC_1
SVC,1,RK,Corr,0.98125,0.973,0.8099045284645423,0.7633341519501686,0.7198199376132395,0.6360204906983015,0.0804034151621141,0.07102231501245802,0.8099045284645423,0.7633341519501686,0.5378467741935483,0.8739453259715282,0.36756074614410694,31,churn,SVC_1,RK_Corr,churn_SVC_1
SVC,1,RK,Prec,0.99925,0.968,0.9907407407407408,0.6696881069857784,0.990263565287663,0.48719592320758953,0.16341406852246093,0.04812088258194406,0.9907407407407408,0.6696881069857784,0.1046063535911603,0.9980698399206688,0.9980698399206688,181,churn,SVC_1,RK_Prec,churn_SVC_1
XGB,2,RK,C2,0.8346055979643766,0.820536540240518,0.7870212142228958,0.7668203760784122,0.5925947405430805,0.5552044183895954,0.1700593544344237,0.14874078813883934,0.7870212142228958,0.7668203760784122,0.22303407874580977,0.9367254785325796,0.559393586653243,397,phoneme,XGB_2,RK_C2,phoneme_XGB_2
XGB,2,RK,Corr,0.7941244506130002,0.7918593894542091,0.7457189026090563,0.7357523199112808,0.5000988766007031,0.4874240013487456,0.11994516697743364,0.11377968785428676,0.7457189026090563,0.7357523199112808,0.510304993025326,0.8238012810832829,0.4425189127000475,165,phoneme,XGB_2,RK_Corr,phoneme_XGB_2
XGB,2,RK,Prec,0.9049271339347676,0.8556891766882516,0.8649240357380341,0.7998638224309735,0.7628782547548718,0.6356368727637287,0.29580317775594545,0.19922898728499977,0.8649240357380341,0.7998638224309735,0.04743781282096828,0.9742002723851932,0.9742002723851932,543,phoneme,XGB_2,RK_Prec,phoneme_XGB_2
RF,2,RK,C2,0.8346055979643766,0.8362627197039778,0.7870212142228958,0.7854013842264496,0.5925947405430805,0.5901048640195374,0.1700593544344237,0.1671587240531545,0.7870212142228958,0.7854013842264496,0.22303407874580977,0.9367254785325796,0.559393586653243,397,phoneme,RF_2,RK_C2,phoneme_RF_2
RF,2,RK,Corr,0.7941244506130002,0.81313598519889,0.7457189026090563,0.7606718057109703,0.5000988766007031,0.5353525466430614,0.11994516697743364,0.13669161653104966,0.7457189026090563,0.7606718057109703,0.510304993025326,0.8238012810832829,0.4425189127000475,165,phoneme,RF_2,RK_Corr,phoneme_RF_2
RF,2,RK,Prec,0.9049271339347676,0.8658649398704903,0.8649240357380341,0.8118964731236271,0.7628782547548718,0.6575937960788597,0.29580317775594545,0.21119427322895937,0.8649240357380341,0.8118964731236271,0.04743781282096828,0.9742002723851932,0.9742002723851932,543,phoneme,RF_2,RK_Prec,phoneme_RF_2
SVC,0,RK,C2,0.9188063844552394,0.9093432007400556,0.900293900608158,0.8847198861430974,0.805709930033075,0.7710725692478574,0.3351594787003657,0.2929468728787828,0.900293900608158,0.8847198861430974,0.29418102364501303,0.9429101775626516,0.6511805795656117,184,phoneme,SVC_0,RK_C2,phoneme_SVC_0
SVC,0,RK,Corr,0.8905852417302799,0.883441258094357,0.871785032698033,0.8584379177987665,0.7408093023644929,0.7093651979088872,0.2784040990375072,0.24564589358026015,0.871785032698033,0.8584379177987665,0.4933326776207105,0.8359249420097284,0.5929646319396661,127,phoneme,SVC_0,RK_Corr,phoneme_SVC_0
SVC,0,RK,Prec,0.9687716863289384,0.9491211840888066,0.9498306572686328,0.9237201880363995,0.9237592333035,0.8685923434125986,0.4773511725591576,0.3852358889361346,0.9498306572686328,0.9237201880363995,0.06478610050890576,0.993070825099868,0.993070825099868,384,phoneme,SVC_0,RK_Prec,phoneme_SVC_0
XGB,0,RK,C2,0.9518790100824932,0.9404761904761904,0.9525112441461868,0.9616222485955808,0.9272462263207282,0.9102911178348536,1.0023073170631294,0.9767843958049802,0.9525112441461868,0.9616222485955808,0.19639070110170553,0.9861182724762924,0.7784404848613224,102,wall-robot-navigation,XGB_0,RK_C2,wall-robot-navigation_XGB_0
XGB,0,RK,Corr,0.9777726856095326,0.9798534798534798,0.92493287234016,0.9363837176638832,0.9661715591379976,0.969332421033282,1.0850860162813016,1.0876126181172008,0.92493287234016,0.9363837176638832,0.27532919004717094,0.9642156534113504,0.8471320027549153,41,wall-robot-navigation,XGB_0,RK_Corr,wall-robot-navigation_XGB_0
XGB,0,RK,Prec,0.9983959670027498,0.9826007326007326,0.9969144640971476,0.9852193151962948,0.9975776466616874,0.9736923521684664,1.176770269505921,1.091563822367586,0.9969144640971476,0.9852193151962948,0.03624556077913458,1,1,279,wall-robot-navigation,XGB_0,RK_Prec,wall-robot-navigation_XGB_0
RF,0,RK,C2,0.9518790100824932,0.9404761904761904,0.9525112441461868,0.955900802370321,0.9272462263207282,0.9104527322135508,1.0023073170631294,0.974985247662496,0.9525112441461868,0.955900802370321,0.19639070110170553,0.9861182724762924,0.7784404848613224,102,wall-robot-navigation,RF_0,RK_C2,wall-robot-navigation_RF_0
RF,0,RK,Corr,0.9777726856095326,0.9798534798534798,0.92493287234016,0.9319814434712164,0.9661715591379976,0.969407869603973,1.0850860162813016,1.0875221597868054,0.92493287234016,0.9319814434712164,0.27532919004717094,0.9642156534113504,0.8471320027549153,41,wall-robot-navigation,RF_0,RK_Corr,wall-robot-navigation_RF_0
RF,0,RK,Prec,0.9983959670027498,0.9835164835164836,0.9969144640971476,0.9814381121988648,0.9975776466616874,0.9751374926004442,1.176770269505921,1.1006849055365673,0.9969144640971476,0.9814381121988648,0.03624556077913458,1,1,279,wall-robot-navigation,RF_0,RK_Prec,wall-robot-navigation_RF_0
SVC,2,RK,C2,0.9395050412465628,0.9194139194139194,0.9288104875453652,0.9060347245863464,0.907546616857277,0.8772682687591957,0.9113145184309236,0.853769108108715,0.9288104875453652,0.9060347245863464,0.21952190415755957,0.9641504033176932,0.7647216546425799,156,wall-robot-navigation,SVC_2,RK_C2,wall-robot-navigation_SVC_2
SVC,2,RK,Corr,0.9379010082493126,0.9175824175824177,0.897935298580002,0.8742961989641324,0.9048461487215615,0.8740500570286168,0.891337262805556,0.8286983793974663,0.897935298580002,0.8742961989641324,0.26907017007841944,0.9301747354923304,0.8015956066514377,72,wall-robot-navigation,SVC_2,RK_Corr,wall-robot-navigation_SVC_2
SVC,2,RK,Prec,0.9983959670027498,0.9377289377289376,0.996758694262649,0.9292725205894058,0.9975582276927898,0.905303590648704,1.1639522354029013,0.9069566083131846,0.996758694262649,0.9292725205894058,0.03450735067116907,0.999636529322725,0.999636529322725,383,wall-robot-navigation,SVC_2,RK_Prec,wall-robot-navigation_SVC_2
XGB,2,RK,C2,0.9990767810432374,0.9993846153846154,0.9990427568602424,0.9993606138107416,0.9981511049037682,0.998767436974312,0.6857478764514674,0.6876808716589631,0.9990427568602424,0.9993606138107416,0.23983571437025816,0.9996633839873386,0.7424918853405145,13,mushroom,XGB_2,RK_C2,mushroom_XGB_2
XGB,2,RK,Corr,0.998615171564856,0.9987692307692309,0.9985641352903638,0.9987212276214834,0.997226566224782,0.9975347598856128,0.6829250168908163,0.6837716714640691,0.9985641352903638,0.9987212276214834,0.41317895060778576,0.99052812468188,0.8273921605742692,8,mushroom,XGB_2,RK_Corr,mushroom_XGB_2
XGB,2,RK,Prec,1,1,1,1,1,1,0.6925153620097683,0.692442446947224,1,1,0.09193209211673588,1,1,30,mushroom,XGB_2,RK_Prec,mushroom_XGB_2
RF,1,RK,C2,0.9990767810432374,0.9993846153846154,0.9990427568602424,0.9993606138107416,0.9981511049037682,0.998767436974312,0.6857478764514674,0.6876808716589631,0.9990427568602424,0.9993606138107416,0.23983571437025816,0.9996633839873386,0.7424918853405145,13,mushroom,RF_1,RK_C2,mushroom_RF_1
RF,1,RK,Corr,0.998615171564856,0.9987692307692309,0.9985641352903638,0.9987212276214834,0.997226566224782,0.9975347598856128,0.6829250168908163,0.6837716714640691,0.9985641352903638,0.9987212276214834,0.41317895060778576,0.99052812468188,0.8273921605742692,8,mushroom,RF_1,RK_Corr,mushroom_RF_1
RF,1,RK,Prec,1,1,1,1,1,1,0.6925153620097683,0.692442446947224,1,1,0.09193209211673588,1,1,30,mushroom,RF_1,RK_Prec,mushroom_RF_1
SVC,1,RK,C2,0.9990767810432374,0.9993846153846154,0.9990427568602424,0.9993606138107416,0.9981511049037682,0.998767436974312,0.6857478764514674,0.6876808716589631,0.9990427568602424,0.9993606138107416,0.23983571437025816,0.9996633839873386,0.7424918853405145,13,mushroom,SVC_1,RK_C2,mushroom_SVC_1
SVC,1,RK,Corr,0.998615171564856,0.9987692307692309,0.9985641352903638,0.9987212276214834,0.997226566224782,0.9975347598856128,0.6829250168908163,0.6837716714640691,0.9985641352903638,0.9987212276214834,0.41317895060778576,0.99052812468188,0.8273921605742692,8,mushroom,SVC_1,RK_Corr,mushroom_SVC_1
SVC,1,RK,Prec,1,1,1,1,1,1,0.6925153620097683,0.692442446947224,1,1,0.09193209211673588,1,1,30,mushroom,SVC_1,RK_Prec,mushroom_SVC_1
XGB,1,RK,C2,0.9623740745236072,0.9364077669902912,0.963747329153737,0.9364890682257546,0.9547312153393172,0.9235127342255998,1.6169645490949902,1.516459512760495,0.963747329153737,0.9364890682257546,0.03926602110393908,0.9914832801940828,0.6104510897619144,353,har,XGB_1,RK_C2,har_XGB_1
XGB,1,RK,Corr,0.9665007889306956,0.9354368932038836,0.966938720032333,0.9348943331355868,0.9597000616311716,0.9223645516735628,1.6400407501594425,1.534270207466235,0.966938720032333,0.9348943331355868,0.1441451208260028,0.9326725939384553,0.8606028659814235,103,har,XGB_1,RK_Corr,har_XGB_1
XGB,1,RK,Prec,0.9981793907027552,0.9281553398058252,0.9981073750560906,0.9298396548454334,0.9978095102544556,0.9135766423357664,1.772156923902139,1.4755519404178172,0.9981073750560906,0.9298396548454334,0.01268273251925624,1,1,933,har,XGB_1,RK_Prec,har_XGB_1
RF,2,RK,C2,0.9623740745236072,0.94126213592233,0.963747329153737,0.9417553983795428,0.9547312153393172,0.9293507559520132,1.6169645490949902,1.5287550162990284,0.963747329153737,0.9417553983795428,0.03926602110393908,0.9914832801940828,0.6104510897619144,353,har,RF_2,RK_C2,har_RF_2
RF,2,RK,Corr,0.9665007889306956,0.9427184466019416,0.966938720032333,0.9427768030242998,0.9597000616311716,0.931115686143932,1.6400407501594425,1.553632774475775,0.966938720032333,0.9427768030242998,0.1441451208260028,0.9326725939384553,0.8606028659814235,103,har,RF_2,RK_Corr,har_RF_2
RF,2,RK,Prec,0.9981793907027552,0.924757281553398,0.9981073750560906,0.9269155840621944,0.9978095102544556,0.9094742446712992,1.772156923902139,1.467002571868394,0.9981073750560906,0.9269155840621944,0.01268273251925624,1,1,933,har,RF_2,RK_Prec,har_RF_2
SVC,1,RK,C2,0.9728122344944776,0.9388349514563108,0.9733109228349508,0.9388641827429062,0.9672940272332032,0.9264352022691832,1.6566339473131857,1.531210985449962,0.9733109228349508,0.9388641827429062,0.03705604244784692,0.9928013725571893,0.6069863722768101,338,har,SVC_1,RK_C2,har_SVC_1
SVC,1,RK,Corr,0.9686855200873892,0.9388349514563108,0.9688450213310018,0.9382400423290684,0.9623261064934544,0.9264485645766924,1.648618824357102,1.5474861633545072,0.9688450213310018,0.9382400423290684,0.14437371641035932,0.9343589394934936,0.8630581085433476,101,har,SVC_1,RK_Corr,har_SVC_1
SVC,1,RK,Prec,0.9985435125622042,0.9305825242718446,0.9984526891736636,0.9320063313032202,0.9982476191988676,0.916494030590319,1.7744666655079404,1.4835868145953115,0.9984526891736636,0.9320063313032202,0.01286449519556141,1,1,955,har,SVC_1,RK_Prec,har_SVC_1
XGB,1,RK,C2,0.9291915878834652,0.9359567901234568,0.7629854378503579,0.7491689385537396,0.8953953228564283,0.9052324016592788,0.9452538894874694,0.9565140300192873,0.7629854378503579,0.7491689385537396,0.03431756213164226,0.9730117865691548,0.5293050938473278,159,nursery,XGB_1,RK_C2,nursery_XGB_1
XGB,1,RK,Corr,0.8401504919930542,0.84375,0.7852585346261868,0.8090031031828377,0.7648138344677606,0.7704655432650017,0.8011517200474513,0.8094480758016583,0.7852585346261868,0.8090031031828377,0.24345427926138619,0.6380023742672287,0.6211324015651608,17,nursery,XGB_1,RK_Corr,nursery_XGB_1
XGB,1,RK,Prec,0.996044761721011,0.9864969135802468,0.9882259213506536,0.9712747713350848,0.9942021588891068,0.9801876451885044,1.1614186069636796,1.1086623021402997,0.9882259213506536,0.9712747713350848,0.01186360237215714,0.9868917861437252,0.9868917861437252,274,nursery,XGB_1,RK_Prec,nursery_XGB_1
RF,1,RK,C2,0.9291915878834652,0.9444444444444444,0.7629854378503579,0.7586629078213033,0.8953953228564283,0.9176278821568128,0.9452538894874694,0.9670198611890848,0.7629854378503579,0.7586629078213033,0.03431756213164226,0.9730117865691548,0.5293050938473278,159,nursery,RF_1,RK_C2,nursery_RF_1
RF,1,RK,Corr,0.8401504919930542,0.8406635802469136,0.7852585346261868,0.8026830068540444,0.7648138344677606,0.7657704060031267,0.8011517200474513,0.802326660835186,0.7852585346261868,0.8026830068540444,0.24345427926138619,0.6380023742672287,0.6211324015651608,17,nursery,RF_1,RK_Corr,nursery_RF_1
RF,1,RK,Prec,0.996044761721011,0.976851851851852,0.9882259213506536,0.9601997960156374,0.9942021588891068,0.965980107375286,1.1614186069636796,1.066430393193856,0.9882259213506536,0.9601997960156374,0.01186360237215714,0.9868917861437252,0.9868917861437252,274,nursery,RF_1,RK_Prec,nursery_RF_1
SVC,0,RK,C2,0.9291915878834652,0.9359567901234568,0.7629854378503579,0.7491689385537396,0.8953953228564283,0.9052324016592788,0.9452538894874694,0.9565140300192873,0.7629854378503579,0.7491689385537396,0.03431756213164226,0.9730117865691548,0.5293050938473278,159,nursery,SVC_0,RK_C2,nursery_SVC_0
SVC,0,RK,Corr,0.8401504919930542,0.84375,0.7852585346261868,0.8090031031828377,0.7648138344677606,0.7704655432650017,0.8011517200474513,0.8094480758016583,0.7852585346261868,0.8090031031828377,0.24345427926138619,0.6380023742672287,0.6211324015651608,17,nursery,SVC_0,RK_Corr,nursery_SVC_0
SVC,0,RK,Prec,0.996044761721011,0.9864969135802468,0.9882259213506536,0.9712747713350848,0.9942021588891068,0.9801876451885044,1.1614186069636796,1.1086623021402997,0.9882259213506536,0.9712747713350848,0.01186360237215714,0.9868917861437252,0.9868917861437252,274,nursery,SVC_0,RK_Prec,nursery_SVC_0
XGB,2,RK,C2,0.9376541418830698,0.9370375743507906,0.9229959789334607,0.92205041322297,0.8469935210406221,0.8453916716547901,0.37101902794961583,0.3691985271875848,0.9229959789334607,0.92205041322297,0.3775410815669749,0.9781664501597948,0.7529978997076963,311,nomao,XGB_2,RK_C2,nomao_XGB_2
XGB,2,RK,Corr,0.9060278543449876,0.909183229363122,0.8822504077942112,0.8877508632592053,0.7684580382900552,0.7769252895668264,0.2952038536514378,0.3031187023122153,0.8822504077942112,0.8877508632592053,0.5430339825559611,0.9026471583564148,0.7109219651312809,182,nomao,XGB_2,RK_Corr,nomao_XGB_2
RF,2,RK,C2,0.947736834469752,0.9590889307993616,0.9292253437735958,0.9416510506823604,0.8701618004224206,0.89771231855993,0.3944202349723467,0.4258777604745784,0.9292253437735958,0.9416510506823604,0.37271093390269905,0.9720890571928296,0.7394532029603367,368,nomao,RF_2,RK_C2,nomao_RF_2
RF,2,RK,Corr,0.9055926302045554,0.9129551719135356,0.8820790332584916,0.893238755145094,0.7675820694677379,0.7859922460868736,0.29457549466610805,0.31104925748956574,0.8820790332584916,0.893238755145094,0.5411830842884083,0.902053467914098,0.70988889931581,180,nomao,RF_2,RK_Corr,nomao_RF_2
SVC,0,RK,C2,0.9517989264471204,0.949659074423328,0.9308671705920836,0.928254693047101,0.878458280838999,0.8730887269598118,0.4012896623360397,0.3951602241389837,0.9308671705920836,0.928254693047101,0.4317663780896241,0.9883876360313524,0.7971351796363892,163,nomao,SVC_0,RK_C2,nomao_SVC_0
SVC,0,RK,Corr,0.9342086174379806,0.93079936167126065,0.920357963165086,0.916546409536066,0.8378218494332164,0.8295776653283413,0.3604732783177768,0.35233421214569044,0.920357963165086,0.916546409536066,0.538892529652771,0.9380316207987311,0.750717243037497,174,nomao,SVC_0,RK_Corr,nomao_SVC_0
